record_id,community_id,employer_name,locations,sector,recruiting_status,source_url,source_type,first_seen_at,last_seen_at,status,manual_override,review_status,notes
sudbury|669-heat-northern-air-mechanical-systems-inc-1360kellylakerdunit3grea,sudbury,669–Heat – Northern Air & Mechanical Systems Inc.,"1360 Kelly Lake Rd unit 3, Greater Sudbury, ON P3E 5P4",Trades and Transport,unknown,https://investsudbury.ca/why-sudbury/newcomers/rcipfcip/,html,2026-09-10T21:07:36.068Z,2026-09-10T21:07:36.068Z,active,FALSE,new,
sudbury|7055579-canada-inc-2266lasalleblvdgreatersu,sudbury,7055579 Canada Inc.,"2266 Lasalle Blvd, Greater Sudbury, ON P3A 2B1","Business, Finance, and Administration",unknown,https://investsudbury.ca/why-sudbury/newcomers/rcipfcip/,html,2026-09-10T21:07:36.068Z,2026-09-10T21:07:36.068Z,active,FALSE,new,
sudbury|a-m-remediation-ltd-4017regionalroad15chelms,sudbury,A&M Remediation Ltd,"4017 Regional Road 15, Chelmsford ON, P0M 1L0",Natural Resources and Agriculture,unknown,https://investsudbury.ca/why-sudbury/newcomers/rcipfcip/,html,2026-09-10T21:07:36.068Z,2026-09-10T21:07:36.068Z,active,FALSE,new,
sudbury|access-industrial-grand-sudbury-access-industrial-mining-inc-1106webbwooddrivesudbury,sudbury,Access Industrial Grand Sudbury – Access Industrial Mining Inc,"1106 Webbwood Drive, Sudbury, Onario P3C 3B7",Trades and Transport,unknown,https://investsudbury.ca/why-sudbury/newcomers/rcipfcip/,html,2026-09-10T21:07:36.068Z,2026-09-10T21:07:36.068Z,active,FALSE,new,
sudbury|acv-cardiology-41a885regentstreetsuddbu,sudbury,ACV Cardiology,"41A-885 Regent Street, Suddbury, Ontario P3E5M4",Health,unknown,https://investsudbury.ca/why-sudbury/newcomers/rcipfcip/,html,2026-09-10T21:07:36.068Z,2026-09-10T21:07:36.068Z,active,FALSE,new,
sudbury|adult-youth-enrichment-center-2762354ontarioinc1050lon,sudbury,Adult & Youth Enrichment Center –,"2762354 Ontario Inc1050 Lonsdale Avenue, Sudbury, ON, P3B 3B5","Education, Social, Community, and Government Services",unknown,https://investsudbury.ca/why-sudbury/newcomers/rcipfcip/,html,2026-09-10T21:07:36.068Z,2026-09-10T21:07:36.068Z,active,FALSE,new,
sudbury|alban-on-greatersudburyon,sudbury,"Alban ON,","Greater Sudbury, ON",Natural Resources and Agriculture,unknown,https://investsudbury.ca/why-sudbury/newcomers/rcipfcip/,html,2026-09-10T21:07:36.068Z,2026-09-10T21:07:36.068Z,active,FALSE,new,
sudbury|alif-ontario-inc-mr-lube-regent-street-1813regentstreetsouthsud,sudbury,Alif Ontario Inc – Mr. Lube (Regent Street),"1813 Regent Street, South, Sudbury, Ontario P3E 3Z7",Trades and Transport,unknown,https://investsudbury.ca/why-sudbury/newcomers/rcipfcip/,html,2026-09-10T21:07:36.068Z,2026-09-10T21:07:36.068Z,active,FALSE,new,
sudbury|als-canada-ltd-1351kellyroadunit1bsudbu,sudbury,ALS Canada Ltd,"1351 Kelly Road, Unit 1B, Sudbury, ON P3E 5P5",Natural and Applied Sciences,unknown,https://investsudbury.ca/why-sudbury/newcomers/rcipfcip/,html,2026-09-10T21:07:36.068Z,2026-09-10T21:07:36.068Z,active,FALSE,new,
sudbury|anmar-mechanical-electrical-contractors-limited-199mumfordroadlivelyonp3,sudbury,Anmar Mechanical & Electrical Contractors Limited,"199 Mumford Road, Lively, ON P3Y 1L2",Trades and Transport,unknown,https://investsudbury.ca/why-sudbury/newcomers/rcipfcip/,html,2026-09-10T21:07:36.068Z,2026-09-10T21:07:36.068Z,active,FALSE,new,
sudbury|arc-coatings-260magillstreetlivelyonp,sudbury,ARC Coatings,"260 Magill Street, Lively, ON P3Y 1K7",Trades and Transport,unknown,https://investsudbury.ca/why-sudbury/newcomers/rcipfcip/,html,2026-09-10T21:07:36.068Z,2026-09-10T21:07:36.068Z,active,FALSE,new,
sudbury|assured-auto-2017-inc-3175kingswayblvdsudburyo,sudbury,Assured Auto (2017) Inc,"3175 Kingsway Blvd, Sudbury, ON P3B 2G5, 2083 Armstrong St, Sudbury, ON P3E 4W2, 279 Regent St S, Sudbury, ON P3C 4C6",Trades and Transport,unknown,https://investsudbury.ca/why-sudbury/newcomers/rcipfcip/,html,2026-09-10T21:07:36.068Z,2026-09-10T21:07:36.068Z,active,FALSE,new,
sudbury|autumnwood-mature-lifestyle-communities-inc-128pinestreetunit300sudb,sudbury,Autumnwood Mature Lifestyle Communities Inc,"128 Pine Street. Unit 300, Sudbury, On, P3C 1X3",Health,unknown,https://investsudbury.ca/why-sudbury/newcomers/rcipfcip/,html,2026-09-10T21:07:36.068Z,2026-09-10T21:07:36.068Z,active,FALSE,new,
sudbury|b-d-manufacturing-ltd-4703regionalroad15pobox5,sudbury,B & D Manufacturing Ltd,"4703 Regional Road 15, P.O Box 5197, Chelmsford, ON P0M 1L0",Trades and Transport,unknown,https://investsudbury.ca/why-sudbury/newcomers/rcipfcip/,html,2026-09-10T21:07:36.068Z,2026-09-10T21:07:36.068Z,active,FALSE,new,
sudbury|b-north-contracting-ltd-1169-dollard-avenue-greatersudburyon,sudbury,B. North Contracting Ltd.1169 Dollard Avenue,"Greater Sudbury, ON",Trades and Transport,unknown,https://investsudbury.ca/why-sudbury/newcomers/rcipfcip/,html,2026-09-10T21:07:36.068Z,2026-09-10T21:07:36.068Z,active,FALSE,new,
sudbury|bad-river-boats-3171kingswaysudburyontar,sudbury,Bad River Boats,"3171 Kingsway, Sudbury, Ontario P3B 2G5",Trades and Transport,unknown,https://investsudbury.ca/why-sudbury/newcomers/rcipfcip/,html,2026-09-10T21:07:36.068Z,2026-09-10T21:07:36.068Z,active,FALSE,new,
sudbury|baker-tilly-snt-llp-1174stjeromestreetsudbur,sudbury,Baker Tilly SNT LLP,"1174 St Jerome Street, Sudbury, Ontario, P3A2V9","Business, Finance, and Administration",unknown,https://investsudbury.ca/why-sudbury/newcomers/rcipfcip/,html,2026-09-10T21:07:36.068Z,2026-09-10T21:07:36.068Z,active,FALSE,new,
sudbury|barne-building-and-construction-inc-109elmstreetsuite206sudb,sudbury,Barne Building and Construction Inc,"109 Elm Street, Suite 206, Sudbury, ON P3C 1T4",Trades and Transport,unknown,https://investsudbury.ca/why-sudbury/newcomers/rcipfcip/,html,2026-09-10T21:07:36.068Z,2026-09-10T21:07:36.068Z,active,FALSE,new,
sudbury|basco-collision-centre-2012inc2129armstron,sudbury,Basco Collision Centre,2012 Inc.2129 Armstron,Trades and Transport,unknown,https://investsudbury.ca/why-sudbury/newcomers/rcipfcip/,html,2026-09-10T21:07:36.068Z,2026-09-10T21:07:36.068Z,active,FALSE,new,
sudbury|battlefield-equipment-rentals-toromont-industries-ltd-3319kingswayroadsudburyo,sudbury,Battlefield Equipment Rentals – Toromont Industries Ltd.,"3319 Kingsway Road, Sudbury, ON P3B 2G5",Trades and Transport,unknown,https://investsudbury.ca/why-sudbury/newcomers/rcipfcip/,html,2026-09-10T21:07:36.068Z,2026-09-10T21:07:36.068Z,active,FALSE,new,
sudbury|bbe-group-canada-bluhm-burton-canada-ltdunit-1011984regentstreetsudbu,sudbury,BBE Group Canada – Bluhm Burton Canada LtdUnit,"101 - 1984 Regent Street, Sudbury, Ontario P3E 5S1",Natural Resources and Agriculture,unknown,https://investsudbury.ca/why-sudbury/newcomers/rcipfcip/,html,2026-09-10T21:07:36.068Z,2026-09-10T21:07:36.068Z,active,FALSE,new,
sudbury|bbt-machining-inc-1763oldfalconbridgeroads,sudbury,BBT Machining inc,"1763 Old Falconbridge Road, Sudbury, Ontario P3A 4R7",Trades and Transport,unknown,https://investsudbury.ca/why-sudbury/newcomers/rcipfcip/,html,2026-09-10T21:07:36.068Z,2026-09-10T21:07:36.068Z,active,FALSE,new,
sudbury|behaviour-analysis-north-kimberley-morris-applied-behaviour-analysis-professiona-239pinestreetsudburyonp3,sudbury,Behaviour Analysis North – Kimberley Morris Applied Behaviour Analysis Professional Corporation,"239 Pine Street, Sudbury ON, P3C 1X4",Health,unknown,https://investsudbury.ca/why-sudbury/newcomers/rcipfcip/,html,2026-09-10T21:07:36.068Z,2026-09-10T21:07:36.068Z,active,FALSE,new,
sudbury|bestech-canada-limited-1010lornestunit201greate,sudbury,BESTECH Canada Limited,"1010 Lorne St., Unit 201, Greater Sudbury, ON, P3C 4R9",Natural Resources and Agriculture,unknown,https://investsudbury.ca/why-sudbury/newcomers/rcipfcip/,html,2026-09-10T21:07:36.068Z,2026-09-10T21:07:36.068Z,active,FALSE,new,
sudbury|better-beginnings-better-futures-450morinavenuesudburyont,sudbury,Better Beginnings Better Futures,"450 Morin Avenue, Sudbury, Ontario P3C 5H6","Education, Social, Community, and Government Services",unknown,https://investsudbury.ca/why-sudbury/newcomers/rcipfcip/,html,2026-09-10T21:07:36.068Z,2026-09-10T21:07:36.068Z,active,FALSE,new,
sudbury|billyard-insurance-group-sudbury-135pinestreetsudburyonp3,sudbury,Billyard Insurance Group Sudbury,"135 Pine Street, Sudbury, ON P3C 1X2","Business, Finance, and Administration",unknown,https://investsudbury.ca/why-sudbury/newcomers/rcipfcip/,html,2026-09-10T21:07:36.068Z,2026-09-10T21:07:36.068Z,active,FALSE,new,
sudbury|black-diamond-drilling-tools-canada-ltd-1899lasalleboulvardunit6,sudbury,Black Diamond Drilling Tools Canada Ltd,"1899 Lasalle Boulvard, Unit 6, Sudbury, Ontario P3a 2A3",Trades and Transport,unknown,https://investsudbury.ca/why-sudbury/newcomers/rcipfcip/,html,2026-09-10T21:07:36.068Z,2026-09-10T21:07:36.068Z,active,FALSE,new,
sudbury|boart-longyear-drilling-services-canada-1039regionalrd24livelyon,sudbury,Boart Longyear Drilling Services Canada,"1039 Regional Rd 24, Lively, ON, P3Y 1C3 (on",Natural Resources and Agriculture,unknown,https://investsudbury.ca/why-sudbury/newcomers/rcipfcip/,html,2026-09-10T21:07:36.068Z,2026-09-10T21:07:36.068Z,active,FALSE,new,
sudbury|bristol-machine-works-ltd-2100algonquinroadnorthsu,sudbury,Bristol Machine Works LTD,"2100 Algonquin Road, North, Sudbury, ON P3E 4Z6",Trades and Transport,unknown,https://investsudbury.ca/why-sudbury/newcomers/rcipfcip/,html,2026-09-10T21:07:36.068Z,2026-09-10T21:07:36.068Z,active,FALSE,new,
sudbury|buckingham-designs-269levesquestunit2greate,sudbury,Buckingham Designs,"269 Levesque St Unit 2, Greater Sudbury, ON P3B 3T3",Trades and Transport,unknown,https://investsudbury.ca/why-sudbury/newcomers/rcipfcip/,html,2026-09-10T21:07:36.068Z,2026-09-10T21:07:36.068Z,active,FALSE,new,
sudbury|caisse-desjardins-ontario-credit-union-inc-caisse-desjardins-ontario-40elmstreetunit166sudbur,sudbury,Caisse Desjardins Ontario Credit Union Inc. – Caisse Desjardins Ontario,"40 Elm Street, Unit 166, Sudbury (Ontario) P3C 1S8","Business, Finance, and Administration",unknown,https://investsudbury.ca/why-sudbury/newcomers/rcipfcip/,html,2026-09-10T21:07:36.068Z,2026-09-10T21:07:36.068Z,active,FALSE,new,
sudbury|cambrian-college-of-applied-arts-and-technology-1400barrydowneroadsudbur,sudbury,Cambrian College of Applied Arts and Technology,"1400 Barry Downe Road, Sudbury, On","Education, Social, Community, and Government Services",unknown,https://investsudbury.ca/why-sudbury/newcomers/rcipfcip/,html,2026-09-10T21:07:36.068Z,2026-09-10T21:07:36.068Z,active,FALSE,new,
sudbury|cambrian-ford-sales-inc-1615kingswaystreetsudbur,sudbury,Cambrian Ford Sales Inc,"1615 Kingsway Street, Sudbury, ON, P3A 4S9",Trades and Transport,unknown,https://investsudbury.ca/why-sudbury/newcomers/rcipfcip/,html,2026-09-10T21:07:36.068Z,2026-09-10T21:07:36.068Z,active,FALSE,new,
sudbury|canadian-mental-health-association-sudbury-manitoulin-111elmstreetsudburyonp3c,sudbury,Canadian Mental Health Association – Sudbury/Manitoulin,"111 Elm Street, Sudbury, ON, P3C 1T3","Education, Social, Community, and Government Services",unknown,https://investsudbury.ca/why-sudbury/newcomers/rcipfcip/,html,2026-09-10T21:07:36.068Z,2026-09-10T21:07:36.068Z,active,FALSE,new,
sudbury|canadian-shield-health-care-services-inc-1033barrydowneroadunit20,sudbury,Canadian Shield Health Care Services Inc,"1033 Barrydowne Road, Unit 206A, Sudbury, ON P3A 5Z9",Health,unknown,https://investsudbury.ca/why-sudbury/newcomers/rcipfcip/,html,2026-09-10T21:07:36.068Z,2026-09-10T21:07:36.068Z,active,FALSE,new,
sudbury|canadian-tire-445-me-us-jones-enterprises-inc-garage-only-2259regentstsouthsudbury,sudbury,Canadian Tire #445 – ME–US Jones Enterprises Inc – Garage Only,"2259 Regent St South, Sudbury, Ontario, P3E 5M9",Trades and Transport,unknown,https://investsudbury.ca/why-sudbury/newcomers/rcipfcip/,html,2026-09-10T21:07:36.068Z,2026-09-10T21:07:36.068Z,active,FALSE,new,
sudbury|capella-innovation-inc-25froodroadsudburyontari,sudbury,Capella Innovation inc,25 Frood Road Sudbury Ontario P3C 4Y9,Natural and Applied Sciences,unknown,https://investsudbury.ca/why-sudbury/newcomers/rcipfcip/,html,2026-09-10T21:07:36.068Z,2026-09-10T21:07:36.068Z,active,FALSE,new,
sudbury|capital-construction-2007-inc-42-5dioritestcoppercliffont,sudbury,Capital Construction (2007) Inc.42.,"5 Diorite St, Copper Cliff, Ontario P0M 1N0",Trades and Transport,unknown,https://investsudbury.ca/why-sudbury/newcomers/rcipfcip/,html,2026-09-10T21:07:36.068Z,2026-09-10T21:07:36.068Z,active,FALSE,new,
sudbury|caron-equipment-inc-500sultanindustrialrdgog,sudbury,Caron Equipment Inc,"500 Sultan Industrial Rd, Gogama, Ontario, P0M1W0",Trades and Transport,unknown,https://investsudbury.ca/why-sudbury/newcomers/rcipfcip/,html,2026-09-10T21:07:36.068Z,2026-09-10T21:07:36.068Z,active,FALSE,new,
sudbury|carrefour-francophone-de-sudbury-27ruelarchsudburyontario,sudbury,Carrefour francophone de Sudbury,"27 rue Larch, Sudbury, Ontario P3E 1B7","Education, Social, Community, and Government Services",unknown,https://investsudbury.ca/why-sudbury/newcomers/rcipfcip/,html,2026-09-10T21:07:36.068Z,2026-09-10T21:07:36.068Z,active,FALSE,new,
sudbury|carriere-industrial-supply-limited-190magillstreetlivelyonp,sudbury,Carriere Industrial Supply Limited,"190 Magill Street, Lively, ON P3Y 1K7",Trades and Transport,unknown,https://investsudbury.ca/why-sudbury/newcomers/rcipfcip/,html,2026-09-10T21:07:36.068Z,2026-09-10T21:07:36.068Z,active,FALSE,new,
sudbury|cbi-health-limited-partnership-5cedarstreetsudburyontar,sudbury,CBI Health Limited Partnership,"5 Cedar Street, Sudbury, Ontario P3E 1A1",Health,unknown,https://investsudbury.ca/why-sudbury/newcomers/rcipfcip/,html,2026-09-10T21:07:36.068Z,2026-09-10T21:07:36.068Z,active,FALSE,new,
sudbury|ceda-limited-partnershipunit-2-1988kingswaybuildingb3su,sudbury,"CEDA Limited PartnershipUnit 2,","1988 Kingsway, Building B3 , Sudbury, ON P3B 4J8",Trades and Transport,unknown,https://investsudbury.ca/why-sudbury/newcomers/rcipfcip/,html,2026-09-10T21:07:36.068Z,2026-09-10T21:07:36.068Z,active,FALSE,new,
sudbury|centis-tile-terrazzo-inc-448falconbridgerdsudbury,sudbury,Centis Tile & Terrazzo Inc.,"448 Falconbridge Rd, Sudbury, ON, P3A 4S4",Trades and Transport,unknown,https://investsudbury.ca/why-sudbury/newcomers/rcipfcip/,html,2026-09-10T21:07:36.068Z,2026-09-10T21:07:36.068Z,active,FALSE,new,
sudbury|centre-de-counselling-de-sudbury-260cedarstreetsudburyont,sudbury,Centre de Counselling de Sudbury,"260 Cedar Street, Sudbury, Ontario P3B 1M7","Education, Social, Community, and Government Services",unknown,https://investsudbury.ca/why-sudbury/newcomers/rcipfcip/,html,2026-09-10T21:07:36.068Z,2026-09-10T21:07:36.068Z,active,FALSE,new,
sudbury|centrus-health-solutionssuite-4-1a-885regentstreetsudburyon,sudbury,"Centrus Health SolutionsSuite 4-1A,","885 Regent Street, Sudbury, Ontarioi P3E 5M4",Health,unknown,https://investsudbury.ca/why-sudbury/newcomers/rcipfcip/,html,2026-09-10T21:07:36.068Z,2026-09-10T21:07:36.068Z,active,FALSE,new,
sudbury|chartwell-southwind-retirement-residence-1645parisstgreatersudbur,sudbury,Chartwell Southwind Retirement Residence,"1645 Paris St, Greater Sudbury, ON P3E 6L5",Health,unknown,https://investsudbury.ca/why-sudbury/newcomers/rcipfcip/,html,2026-09-10T21:07:36.068Z,2026-09-10T21:07:36.068Z,active,FALSE,new,
sudbury|child-community-resources-662falconbridgeroadsudbu,sudbury,Child & Community Resources,662 Falconbridge Road Sudbury ON P3A 4S4,"Education, Social, Community, and Government Services",unknown,https://investsudbury.ca/why-sudbury/newcomers/rcipfcip/,html,2026-09-10T21:07:36.068Z,2026-09-10T21:07:36.068Z,active,FALSE,new,
sudbury|circuitiq-inc-260alderstreetofficeasud,sudbury,CircuitIQ Inc,"260 Alder Street, Office A, Sudbury, Ontario P3C 5P4",Natural and Applied Sciences,unknown,https://investsudbury.ca/why-sudbury/newcomers/rcipfcip/,html,2026-09-10T21:07:36.068Z,2026-09-10T21:07:36.068Z,active,FALSE,new,
sudbury|city-of-greater-sudbury-200bradystreetsudburyonp,sudbury,City of Greater Sudbury,"200 Brady Street, Sudbury, ON P3A 5P3","Education, Social, Community, and Government Services",unknown,https://investsudbury.ca/why-sudbury/newcomers/rcipfcip/,html,2026-09-10T21:07:36.068Z,2026-09-10T21:07:36.068Z,active,FALSE,new,
sudbury|civiltek-limited-1260kellylakerdsudburyon,sudbury,Civiltek Limited,"1260 Kelly Lake Rd, Sudbury ON P3E 5P4",Trades and Transport,unknown,https://investsudbury.ca/why-sudbury/newcomers/rcipfcip/,html,2026-09-10T21:07:36.068Z,2026-09-10T21:07:36.068Z,active,FALSE,new,
sudbury|cjay-medicals-893bancroftdrivesudburyo,sudbury,Cjay Medicals,"893 Bancroft Drive, Sudbury, ON P3B 1P8",Health,unknown,https://investsudbury.ca/why-sudbury/newcomers/rcipfcip/,html,2026-09-10T21:07:36.068Z,2026-09-10T21:07:36.068Z,active,FALSE,new,
sudbury|college-boreal-21lasalleboulvardsudbury,sudbury,College Boreal,"21 Lasalle Boulvard, Sudbury, Ontario P3A 6B1","Education, Social, Community, and Government Services",unknown,https://investsudbury.ca/why-sudbury/newcomers/rcipfcip/,html,2026-09-10T21:07:36.068Z,2026-09-10T21:07:36.068Z,active,FALSE,new,
sudbury|coll-ge-bor-al-21lasalleboulvardsudbury,sudbury,Collège Boréal,"21 Lasalle Boulvard, Sudbury, Ontario P3A 6B1","Education, Social, Community, and Government Services",unknown,https://investsudbury.ca/why-sudbury/newcomers/rcipfcip/,html,2026-09-10T21:07:36.068Z,2026-09-10T21:07:36.068Z,active,FALSE,new,
sudbury|comet-contracting-ltd-4543oldwanuproadsudburyo,sudbury,Comet Contracting Ltd,"4543 Old Wanup Road, Sudbury, ON P3E 4N1",Trades and Transport,unknown,https://investsudbury.ca/why-sudbury/newcomers/rcipfcip/,html,2026-09-10T21:07:36.068Z,2026-09-10T21:07:36.068Z,active,FALSE,new,
sudbury|community-builders-construction-955cambrianheightsdrunit,sudbury,Community Builders Construction,"955 Cambrian Heights Dr Unit 2, Greater Sudbury, ON P3C 5M6",Trades and Transport,unknown,https://investsudbury.ca/why-sudbury/newcomers/rcipfcip/,html,2026-09-10T21:07:36.068Z,2026-09-10T21:07:36.068Z,active,FALSE,new,
sudbury|community-living-greater-sudbury-450notredameavenueunit10,sudbury,Community Living Greater Sudbury,"450 Notre Dame Avenue, Unit 103, Sudbury, OntarioP3C 5K8","Education, Social, Community, and Government Services",unknown,https://investsudbury.ca/why-sudbury/newcomers/rcipfcip/,html,2026-09-10T21:07:36.068Z,2026-09-10T21:07:36.068Z,active,FALSE,new,
sudbury|compass-boussole-akii-izhinoogan-62froodroadsuite100sudbu,sudbury,Compass Boussole Akii–Izhinoogan,"62 Frood Road, suite 100, Sudbury, ON P3C 4Z3","Education, Social, Community, and Government Services",unknown,https://investsudbury.ca/why-sudbury/newcomers/rcipfcip/,html,2026-09-10T21:07:36.068Z,2026-09-10T21:07:36.068Z,active,FALSE,new,
sudbury|coniston-industrial-park-62smelterroadconsitonont,sudbury,Coniston Industrial Park,"62 Smelter road, Consiton, Ontario P0M 1M0",Trades and Transport,unknown,https://investsudbury.ca/why-sudbury/newcomers/rcipfcip/,html,2026-09-10T21:07:36.068Z,2026-09-10T21:07:36.068Z,active,FALSE,new,
sudbury|contact-interculturel-francophone-de-sudbury-40elmstgreatersudburyonp,sudbury,Contact interculturel francophone de Sudbury,"40 Elm St, Greater Sudbury, ON P3C 1S8","Education, Social, Community, and Government Services",unknown,https://investsudbury.ca/why-sudbury/newcomers/rcipfcip/,html,2026-09-10T21:07:36.068Z,2026-09-10T21:07:36.068Z,active,FALSE,new,
sudbury|continuity-care-solutions-inc-128pinestreetunit300sudb,sudbury,Continuity Care Solutions Inc,"128 Pine Street. Unit 300, Sudbury, On, P3C 1X3","Education, Social, Community, and Government Services",unknown,https://investsudbury.ca/why-sudbury/newcomers/rcipfcip/,html,2026-09-10T21:07:36.068Z,2026-09-10T21:07:36.068Z,active,FALSE,new,
sudbury|coop-bor-al-la-coop-rative-du-coll-ge-bor-al-lt-e-21lasalleboulevardsudbur,sudbury,Coop Boréal – La Coopérative du Collège Boréal Ltée,"21 Lasalle Boulevard, Sudbury, Ontario P3A 6B1","Education, Social, Community, and Government Services",unknown,https://investsudbury.ca/why-sudbury/newcomers/rcipfcip/,html,2026-09-10T21:07:36.068Z,2026-09-10T21:07:36.068Z,active,FALSE,new,
sudbury|crosstown-chevrolet-buick-cadillac-gmc-ltd-280falconbridgeroadsudbu,sudbury,Crosstown Chevrolet Buick Cadillac GMC Ltd,"280 Falconbridge Road, Sudbury, Ontario P3A 5K3",Trades and Transport,unknown,https://investsudbury.ca/why-sudbury/newcomers/rcipfcip/,html,2026-09-10T21:07:36.068Z,2026-09-10T21:07:36.068Z,active,FALSE,new,
sudbury|crowes-mobile-road-service-inc-2652lasalleboulvardsudbu,sudbury,Crowes Mobile Road Service Inc,"2652 Lasalle Boulvard,  Sudbury, Ontario P3A 4R7",Trades and Transport,unknown,https://investsudbury.ca/why-sudbury/newcomers/rcipfcip/,html,2026-09-10T21:07:36.068Z,2026-09-10T21:07:36.068Z,active,FALSE,new,
sudbury|deafblind-ontario-services-575westmountavesudburyon,sudbury,Deafblind Ontario Services,"575 Westmount Ave, Sudbury, Ontario, P3A 1G2","Education, Social, Community, and Government Services",unknown,https://investsudbury.ca/why-sudbury/newcomers/rcipfcip/,html,2026-09-10T21:07:36.068Z,2026-09-10T21:07:36.068Z,active,FALSE,new,
sudbury|demore-drywall-contracting-31secondaveunit1coniston,sudbury,Demore Drywall Contracting,"31 Second Ave. Unit 1, Coniston, ON P0M 1N0",Trades and Transport,unknown,https://investsudbury.ca/why-sudbury/newcomers/rcipfcip/,html,2026-09-10T21:07:36.068Z,2026-09-10T21:07:36.068Z,active,FALSE,new,
sudbury|denis-gratton-construction-ltd-3160highway144chelmsford,sudbury,Denis Gratton Construction Ltd,"3160 Highway 144, Chelmsford, Ontario P0M 1L0",Trades and Transport,unknown,https://investsudbury.ca/why-sudbury/newcomers/rcipfcip/,html,2026-09-10T21:07:36.068Z,2026-09-10T21:07:36.068Z,active,FALSE,new,
sudbury|dent-pro-tech-582falcon,sudbury,Dent–Pro–Tech,582 Falcon,Trades and Transport,unknown,https://investsudbury.ca/why-sudbury/newcomers/rcipfcip/,html,2026-09-10T21:07:36.068Z,2026-09-10T21:07:36.068Z,active,FALSE,new,
sudbury|desimone-foot-ankle-centre-761lasalleblvdsudburyonp,sudbury,DeSimone Foot & Ankle Centre,"761 Lasalle Blvd, Sudbury, ON, P3A 1X3",Health,unknown,https://investsudbury.ca/why-sudbury/newcomers/rcipfcip/,html,2026-09-10T21:07:36.068Z,2026-09-10T21:07:36.068Z,active,FALSE,new,
sudbury|devla-properties-inc-11049notredameavenuesudb,sudbury,Devla Properties Inc,"1-1049 Notre Dame Avenue, Sudbury, Ontario P3A 0E2",Trades and Transport,unknown,https://investsudbury.ca/why-sudbury/newcomers/rcipfcip/,html,2026-09-10T21:07:36.068Z,2026-09-10T21:07:36.068Z,active,FALSE,new,
sudbury|discovery-early-learning-and-care-1945hawthornesudburyonp3,sudbury,Discovery Early Learning and Care,"1945 Hawthorne, Sudbury, ON P3A 0C1","Education, Social, Community, and Government Services",unknown,https://investsudbury.ca/why-sudbury/newcomers/rcipfcip/,html,2026-09-10T21:07:36.068Z,2026-09-10T21:07:36.068Z,active,FALSE,new,
sudbury|dorland-geomatics-inc-2011771oldfalconbridgero,sudbury,Dorland Geomatics Inc.,"201-1771 Old Falconbridge Road, Sudbury ON, P3A 4R7",Natural and Applied Sciences,unknown,https://investsudbury.ca/why-sudbury/newcomers/rcipfcip/,html,2026-09-10T21:07:36.068Z,2026-09-10T21:07:36.068Z,active,FALSE,new,
sudbury|douro-roofing-sheet-metal-contractors-ltd-2601belisledrivevalcaron,sudbury,Douro Roofing & Sheet Metal Contractors Ltd.,"2601 Belisle Drive, Val Caron, On",Trades and Transport,unknown,https://investsudbury.ca/why-sudbury/newcomers/rcipfcip/,html,2026-09-10T21:07:36.068Z,2026-09-10T21:07:36.068Z,active,FALSE,new,
sudbury|dr-azim-casim-parekh-dentistry-professional-corporation-sudbury-dental-clinic-1778regentstsudburyonp3e,sudbury,Dr. Azim Casim Parekh Dentistry Professional Corporation – Sudbury Dental Clinic,"1778 Regent St. Sudbury, ON P3E 3Z8",Health,unknown,https://investsudbury.ca/why-sudbury/newcomers/rcipfcip/,html,2026-09-10T21:07:36.068Z,2026-09-10T21:07:36.068Z,active,FALSE,new,
sudbury|dr-danny-j-rain-professional-corporation-111359riversidedrivesudb,sudbury,Dr. Danny J Rain Professional Corporation,"111-359 Riverside Drive, Sudbury, Ontario P3E 1H5",Health,unknown,https://investsudbury.ca/why-sudbury/newcomers/rcipfcip/,html,2026-09-10T21:07:36.068Z,2026-09-10T21:07:36.068Z,active,FALSE,new,
sudbury|dr-jeffrey-treleaven-dentistry-professional-corporation-treleaven-dental-1984regentstreetsudburyo,sudbury,Dr. Jeffrey Treleaven Dentistry Professional Corporation – Treleaven Dental,"1984 Regent Street, Sudbury, Ontario P3E 5S1",Health,unknown,https://investsudbury.ca/why-sudbury/newcomers/rcipfcip/,html,2026-09-10T21:07:36.068Z,2026-09-10T21:07:36.068Z,active,FALSE,new,
sudbury|dr-scott-c-keenan-dentistry-professional-corpporation-1545regentstretunit101su,sudbury,Dr. Scott C. Keenan Dentistry Professional Corpporation,"1545 Regent Stret, Unit 101, Sudbury. Ontario P3E 3Z7",Health,unknown,https://investsudbury.ca/why-sudbury/newcomers/rcipfcip/,html,2026-09-10T21:07:36.068Z,2026-09-10T21:07:36.068Z,active,FALSE,new,
sudbury|e-r-jewell-contracting-23longyearrdfalconbridge,sudbury,E&R Jewell Contracting,"23 Longyear Rd. Falconbridge, ON P0M1S0",Natural Resources and Agriculture,unknown,https://investsudbury.ca/why-sudbury/newcomers/rcipfcip/,html,2026-09-10T21:07:36.068Z,2026-09-10T21:07:36.068Z,active,FALSE,new,
sudbury|elizabeth-centre-valley-east-long-term-care-inc-2100mainstvalcaronon,sudbury,Elizabeth Centre – Valley East Long Term Care Inc,"2100 Main St Val Caron, ON",Health,unknown,https://investsudbury.ca/why-sudbury/newcomers/rcipfcip/,html,2026-09-10T21:07:36.068Z,2026-09-10T21:07:36.068Z,active,FALSE,new,
sudbury|elizabeth-fry-society-of-northeastern-ontario-204elmstreetsudburyonp3c,sudbury,Elizabeth Fry Society of Northeastern Ontario,"204 Elm Street, Sudbury, On P3C 1V3","Education, Social, Community, and Government Services",unknown,https://investsudbury.ca/why-sudbury/newcomers/rcipfcip/,html,2026-09-10T21:07:36.068Z,2026-09-10T21:07:36.068Z,active,FALSE,new,
sudbury|elm-place-40elmstreetsudburyonp3c1,sudbury,Elm Place,"40 Elm Street, Sudbury ON P3C 1S8","Business, Finance, and Administration",unknown,https://investsudbury.ca/why-sudbury/newcomers/rcipfcip/,html,2026-09-10T21:07:36.068Z,2026-09-10T21:07:36.068Z,active,FALSE,new,
sudbury|elmhub-rbois-speech-language-services-d-orthophonie-229elmstunit2bsudburyonp,sudbury,ELMHUB – RBois Speech & Language Services d’orthophonie,"229 Elm St, Unit 2B, Sudbury ON, P3C1T8",Health,unknown,https://investsudbury.ca/why-sudbury/newcomers/rcipfcip/,html,2026-09-10T21:07:36.068Z,2026-09-10T21:07:36.068Z,active,FALSE,new,
sudbury|englobe-corporation-885regentstreetunit21bsu,sudbury,Englobe Corporation,"885 Regent Street, Unit 2 - 1B, Sudbury ON, P3E 5M4",Natural and Applied Sciences,unknown,https://investsudbury.ca/why-sudbury/newcomers/rcipfcip/,html,2026-09-10T21:07:36.068Z,2026-09-10T21:07:36.068Z,active,FALSE,new,
sudbury|environmental-360solutionsltd1933regen,sudbury,Environmental,"360 Solutions LTd1933 Regent Street South, Sudbury, ON P3E 5R2",Natural Resources and Agriculture,unknown,https://investsudbury.ca/why-sudbury/newcomers/rcipfcip/,html,2026-09-10T21:07:36.068Z,2026-09-10T21:07:36.068Z,active,FALSE,new,
sudbury|environmental-ecosystem-solutions-inc-f-887notredameavenuesudbur,sudbury,Environmental Ecosystem Solutions Inc.F-,"887 Notre Dame Avenue, Sudbury, Ontario P3A 2T2",Trades and Transport,unknown,https://investsudbury.ca/why-sudbury/newcomers/rcipfcip/,html,2026-09-10T21:07:36.068Z,2026-09-10T21:07:36.068Z,active,FALSE,new,
sudbury|epiroc-customer-center-200mumfordrdlivelyonp3y1,sudbury,Epiroc Customer Center,"200 Mumford Rd, Lively, ON P3Y 1L2",Trades and Transport,unknown,https://investsudbury.ca/why-sudbury/newcomers/rcipfcip/,html,2026-09-10T21:07:36.068Z,2026-09-10T21:07:36.068Z,active,FALSE,new,
sudbury|equipment-north-inc-269fieldingroadlivelyonp,sudbury,Equipment North Inc,"269 Fielding Road, Lively, ON P3Y 1L8",Trades and Transport,unknown,https://investsudbury.ca/why-sudbury/newcomers/rcipfcip/,html,2026-09-10T21:07:36.068Z,2026-09-10T21:07:36.068Z,active,FALSE,new,
sudbury|equipment-world-inc-trades-only-1130lornestreetsudburyon,sudbury,Equipment World Inc. (Trades only),"1130 Lorne Street, Sudbury, Ontario P3C 4S9",Trades and Transport,unknown,https://investsudbury.ca/why-sudbury/newcomers/rcipfcip/,html,2026-09-10T21:07:36.068Z,2026-09-10T21:07:36.068Z,active,FALSE,new,
sudbury|etc-inc-101magillstreetlivelyonp,sudbury,ETC Inc,"101 Magill Street, lively, ON, P3Y 1K6",Natural Resources and Agriculture,unknown,https://investsudbury.ca/why-sudbury/newcomers/rcipfcip/,html,2026-09-10T21:07:36.068Z,2026-09-10T21:07:36.068Z,active,FALSE,new,
sudbury|everline-coatings-and-services-2619418ontltd265montcalm,sudbury,EverLine Coatings and Services –,"2619418 ont ltd265 Montcalm Avenue, Sudbury, Ontario P3C 5C8",Trades and Transport,unknown,https://investsudbury.ca/why-sudbury/newcomers/rcipfcip/,html,2026-09-10T21:07:36.068Z,2026-09-10T21:07:36.068Z,active,FALSE,new,
sudbury|exp-services-inc-885regentstreetsudburyon,sudbury,EXP Services Inc,"885 Regent Street, Sudbury, Ontario P3E 5M4",Natural and Applied Sciences,unknown,https://investsudbury.ca/why-sudbury/newcomers/rcipfcip/,html,2026-09-10T21:07:36.068Z,2026-09-10T21:07:36.068Z,active,FALSE,new,
sudbury|extendicare-countryside-extendicare-canada-inc-2307algonquinroadsudbury,sudbury,Extendicare Countryside – Extendicare Canada Inc.,"2307 Algonquin Road, Sudbury, Ontario P3E 0J1",Health,unknown,https://investsudbury.ca/why-sudbury/newcomers/rcipfcip/,html,2026-09-10T21:07:36.068Z,2026-09-10T21:07:36.068Z,active,FALSE,new,
sudbury|extendicare-york-333yorkstreetsudburyonp3,sudbury,Extendicare York,"333 York Street, Sudbury,  ON P3E 5J3",Health,unknown,https://investsudbury.ca/why-sudbury/newcomers/rcipfcip/,html,2026-09-10T21:07:36.068Z,2026-09-10T21:07:36.068Z,active,FALSE,new,
sudbury|family-vision-centresuite-202-1033-barry-downe-rd-sudbury-greatersudburyon,sudbury,"Family Vision CentreSuite 202, 1033 Barry Downe Rd. Sudbury","Greater Sudbury, ON",Health,unknown,https://investsudbury.ca/why-sudbury/newcomers/rcipfcip/,html,2026-09-10T21:07:36.068Z,2026-09-10T21:07:36.068Z,active,FALSE,new,
sudbury|finlandia-village-233fourthavenuesudburyon,sudbury,Finlandia Village,"233 Fourth Avenue, Sudbury, Ontario P3B 4C3",Health,unknown,https://investsudbury.ca/why-sudbury/newcomers/rcipfcip/,html,2026-09-10T21:07:36.068Z,2026-09-10T21:07:36.068Z,active,FALSE,new,
sudbury|finlandia-village-finlandia-nursing-home-limited-233fourthavenuesudburyon,sudbury,Finlandia Village – Finlandia Nursing Home Limited,"233 Fourth Avenue, Sudbury, Ontario P3B 4C3",Health,unknown,https://investsudbury.ca/why-sudbury/newcomers/rcipfcip/,html,2026-09-10T21:07:36.068Z,2026-09-10T21:07:36.068Z,active,FALSE,new,
sudbury|finlandia-village-sudbury-finnish-rest-home-society-233fourthavenuesudburyon,sudbury,Finlandia Village – Sudbury Finnish Rest Home Society,"233 Fourth Avenue, Sudbury, Ontario P3B 4C3",Health,unknown,https://investsudbury.ca/why-sudbury/newcomers/rcipfcip/,html,2026-09-10T21:07:36.068Z,2026-09-10T21:07:36.068Z,active,FALSE,new,
sudbury|first-north-property-management-inc-2568falconbridgerdp3a4s4,sudbury,First North Property Management Inc.,2-568 Falconbridge Rd P3A 4S4,"Business, Finance, and Administration",unknown,https://investsudbury.ca/why-sudbury/newcomers/rcipfcip/,html,2026-09-10T21:07:36.068Z,2026-09-10T21:07:36.068Z,active,FALSE,new,
sudbury|fisher-wavy-inc-1ceasarroadsudburyonp3e5,sudbury,Fisher Wavy Inc,"1 Ceasar Road, Sudbury, On, P3E 5P3",Trades and Transport,unknown,https://investsudbury.ca/why-sudbury/newcomers/rcipfcip/,html,2026-09-10T21:07:36.068Z,2026-09-10T21:07:36.068Z,active,FALSE,new,
sudbury|fountain-tire-ltd-val-caron-42945belisledrivevalcaro,sudbury,Fountain Tire LTD (Val Caron),"4-2945 Belisle Drive, Val Caron, ON, P3N 1B3",Trades and Transport,unknown,https://investsudbury.ca/why-sudbury/newcomers/rcipfcip/,html,2026-09-10T21:07:36.068Z,2026-09-10T21:07:36.068Z,active,FALSE,new,
sudbury|fountain-tire-sudbury-barrydowne-ltd-770barrydowneroadsudbury,sudbury,Fountain Tire Sudbury Barrydowne Ltd.,"770 Barrydowne Road, Sudbury, Ontario, P3A 3T7",Trades and Transport,unknown,https://investsudbury.ca/why-sudbury/newcomers/rcipfcip/,html,2026-09-10T21:07:36.068Z,2026-09-10T21:07:36.068Z,active,FALSE,new,
sudbury|fraser-drill-blast-management-inc-169fieldingroadlivelyonp,sudbury,Fraser Drill Blast Management Inc.,"169 Fielding Road, Lively, ON, P3Y 1L7",Natural Resources and Agriculture,unknown,https://investsudbury.ca/why-sudbury/newcomers/rcipfcip/,html,2026-09-10T21:07:36.068Z,2026-09-10T21:07:36.068Z,active,FALSE,new,
sudbury|friends-freight-solutions-inc-20duhamelroadlivelyonp3y,sudbury,Friends Freight Solutions Inc,"20 Duhamel Road, Lively, ON P3Y 1L4",Trades and Transport,unknown,https://investsudbury.ca/why-sudbury/newcomers/rcipfcip/,html,2026-09-10T21:07:36.068Z,2026-09-10T21:07:36.068Z,active,FALSE,new,
sudbury|fuller-industrial-corporation-65nelsonroadlivelyontari,sudbury,Fuller Industrial Corporation,"65 Nelson Road, Lively, Ontario P3E 1P4",Trades and Transport,unknown,https://investsudbury.ca/why-sudbury/newcomers/rcipfcip/,html,2026-09-10T21:07:36.068Z,2026-09-10T21:07:36.068Z,active,FALSE,new,
sudbury|gardens-by-collette-315wahamaaroadwahnapitae,sudbury,Gardens by Collette,"315 Wahamaa Road Wahnapitae, Ontario P0M 3C0",Natural Resources and Agriculture,unknown,https://investsudbury.ca/why-sudbury/newcomers/rcipfcip/,html,2026-09-10T21:07:36.068Z,2026-09-10T21:07:36.068Z,active,FALSE,new,
sudbury|gardewine-20duhamelroadlivelyonp3y,sudbury,Gardewine,"20 Duhamel Road, Lively, ON P3Y 1L4",Trades and Transport,unknown,https://investsudbury.ca/why-sudbury/newcomers/rcipfcip/,html,2026-09-10T21:07:36.068Z,2026-09-10T21:07:36.068Z,active,FALSE,new,
sudbury|gardewine60-eagle-drive-winnipeg-mb-r2r-1v5-greatersudburyon,sudbury,"Gardewine60 Eagle Drive, Winnipeg, MB, R2R 1V5","Greater Sudbury, ON",Trades and Transport,unknown,https://investsudbury.ca/why-sudbury/newcomers/rcipfcip/,html,2026-09-10T21:07:36.068Z,2026-09-10T21:07:36.068Z,active,FALSE,new,
sudbury|garson-pipe-contractors-limited-1191oneildrivewestgarson,sudbury,Garson Pipe Contractors Limited,"1191 O'Neil Drive West, Garson, Ontario, P3L 1L5",Trades and Transport,unknown,https://investsudbury.ca/why-sudbury/newcomers/rcipfcip/,html,2026-09-10T21:07:36.068Z,2026-09-10T21:07:36.068Z,active,FALSE,new,
sudbury|gfl-environmental-services-inc-84smelterroadconistononp,sudbury,GFL Environmental Services Inc,"84 Smelter Road, Coniston, On P0M 1N0",Trades and Transport,unknown,https://investsudbury.ca/why-sudbury/newcomers/rcipfcip/,html,2026-09-10T21:07:36.068Z,2026-09-10T21:07:36.068Z,active,FALSE,new,
sudbury|gill-hs-renovations-and-construction-inc-525notredameavenuesudbur,sudbury,Gill HS Renovations and Construction Inc.,"525 Notre Dame avenue, Sudbury, P3C 5L1",Trades and Transport,unknown,https://investsudbury.ca/why-sudbury/newcomers/rcipfcip/,html,2026-09-10T21:07:36.068Z,2026-09-10T21:07:36.068Z,active,FALSE,new,
sudbury|gip-interpaving-ltd-green-infrastructure-partners-inc-885regentstreetsuite51bs,sudbury,GIP Interpaving Ltd. (Green Infrastructure Partners Inc),"885 Regent Street, Suite 5-1B, Sudbury, Ontario, Canada, P3E 5M4",Trades and Transport,unknown,https://investsudbury.ca/why-sudbury/newcomers/rcipfcip/,html,2026-09-10T21:07:36.068Z,2026-09-10T21:07:36.068Z,active,FALSE,new,
sudbury|glencore-canada-corporation-6edisonroadfalconbridgeo,sudbury,Glencore Canada Corporation,"6  Edison Road, Falconbridge, On",Natural Resources and Agriculture,unknown,https://investsudbury.ca/why-sudbury/newcomers/rcipfcip/,html,2026-09-10T21:07:36.068Z,2026-09-10T21:07:36.068Z,active,FALSE,new,
sudbury|gold-leaf-financial-group-inc-2158armstrongstreetsudbu,sudbury,Gold Leaf Financial Group Inc.,"2158 Armstrong Street, Sudbury, Ontario, P3E 5G9","Business, Finance, and Administration",unknown,https://investsudbury.ca/why-sudbury/newcomers/rcipfcip/,html,2026-09-10T21:07:36.068Z,2026-09-10T21:07:36.068Z,active,FALSE,new,
sudbury|grant-aggregate-industrial-supply-inc-2578lasalleboulvardsudbu,sudbury,Grant Aggregate & Industrial Supply Inc,"2578 Lasalle Boulvard, Sudbury, Ontario P3A 4R7",Trades and Transport,unknown,https://investsudbury.ca/why-sudbury/newcomers/rcipfcip/,html,2026-09-10T21:07:36.068Z,2026-09-10T21:07:36.068Z,active,FALSE,new,
sudbury|greater-city-concrete-works-ltd-250fieldingroadlivelyonp,sudbury,Greater City Concrete Works Ltd,"250 Fielding Road, Lively, On P3Y 1L6",Trades and Transport,unknown,https://investsudbury.ca/why-sudbury/newcomers/rcipfcip/,html,2026-09-10T21:07:36.068Z,2026-09-10T21:07:36.068Z,active,FALSE,new,
sudbury|greater-sudbury-plumbing-inc-391morinaveunit1sudburyo,sudbury,Greater Sudbury Plumbing Inc.,"391 Morin Ave Unit 1, Sudbury, ON P3C 5A4",Trades and Transport,unknown,https://investsudbury.ca/why-sudbury/newcomers/rcipfcip/,html,2026-09-10T21:07:36.068Z,2026-09-10T21:07:36.068Z,active,FALSE,new,
sudbury|grebe-dentistry-professional-corportation-44cmainstreeteastchelmsf,sudbury,Grebe Dentistry Professional Corportation,"44C Main Street East, Chelmsford, Ontario P0M 1L0",Health,unknown,https://investsudbury.ca/why-sudbury/newcomers/rcipfcip/,html,2026-09-10T21:07:36.068Z,2026-09-10T21:07:36.068Z,active,FALSE,new,
sudbury|greenscan-inc-strategic-roofing-850notredamesudburyontar,sudbury,Greenscan Inc. – Strategic Roofing,"850 Notre dame, Sudbury, Ontario P3A 2T4",Trades and Transport,unknown,https://investsudbury.ca/why-sudbury/newcomers/rcipfcip/,html,2026-09-10T21:07:36.068Z,2026-09-10T21:07:36.068Z,active,FALSE,new,
sudbury|guillevin-international-co-122dellstreetbuildingb1s,sudbury,Guillevin International Co,"122 Dell Street, Building B-1, Sudbury, Ontario P3C 2Y1",Natural and Applied Sciences,unknown,https://investsudbury.ca/why-sudbury/newcomers/rcipfcip/,html,2026-09-10T21:07:36.068Z,2026-09-10T21:07:36.068Z,active,FALSE,new,
sudbury|hexagon-hard-line-53mainstreetwestdowlingo,sudbury,Hexagon/ Hard–Line,"53 Main Street West, Dowling, ON P0M 1R0",Natural Resources and Agriculture,unknown,https://investsudbury.ca/why-sudbury/newcomers/rcipfcip/,html,2026-09-10T21:07:36.068Z,2026-09-10T21:07:36.068Z,active,FALSE,new,
sudbury|hgc-management-inc-1825frobisherstreetsudbu,sudbury,HGC Management Inc.,"1825 Frobisher Street, Sudbury, On",Trades and Transport,unknown,https://investsudbury.ca/why-sudbury/newcomers/rcipfcip/,html,2026-09-10T21:07:36.068Z,2026-09-10T21:07:36.068Z,active,FALSE,new,
sudbury|high-strength-plates-profiles-inc-40duhamelroadlivelyontar,sudbury,High Strength Plates & Profiles Inc,"40 Duhamel Road, Lively Ontario P3Y 1L4",Trades and Transport,unknown,https://investsudbury.ca/why-sudbury/newcomers/rcipfcip/,html,2026-09-10T21:07:36.068Z,2026-09-10T21:07:36.068Z,active,FALSE,new,
sudbury|highland-bookkeeping-and-tax-prep-1556lasalleblvdsudburyon,sudbury,Highland Bookkeeping and Tax Prep,"1556 Lasalle Blvd, Sudbury, ON P3Z 1Z7","Business, Finance, and Administration",unknown,https://investsudbury.ca/why-sudbury/newcomers/rcipfcip/,html,2026-09-10T21:07:36.068Z,2026-09-10T21:07:36.068Z,active,FALSE,new,
sudbury|hk-food-services-inc-1538fairburnstreetsudbur,sudbury,HK Food Services Inc,"1538 Fairburn Street, Sudbury, Ontario P3A 1N7",Trades and Transport,unknown,https://investsudbury.ca/why-sudbury/newcomers/rcipfcip/,html,2026-09-10T21:07:36.068Z,2026-09-10T21:07:36.068Z,active,FALSE,new,
sudbury|hls-hard-line-solutions-inc-53mainstreetwestdowlingo,sudbury,HLS Hard–Line Solutions Inc.,"53 Main Street West, Dowling, ON P0M 1R0",Natural Resources and Agriculture,unknown,https://investsudbury.ca/why-sudbury/newcomers/rcipfcip/,html,2026-09-10T21:07:36.068Z,2026-09-10T21:07:36.068Z,active,FALSE,new,
sudbury|home-instead-wirta-home-care-ltd-3002009longlakeraodsudbu,sudbury,Home Instead – Wirta Home Care Ltd,"300-2009 Long Lake Raod, Sudbury, On P3E 6C3",Health,unknown,https://investsudbury.ca/why-sudbury/newcomers/rcipfcip/,html,2026-09-10T21:07:36.068Z,2026-09-10T21:07:36.068Z,active,FALSE,new,
sudbury|house-of-broadloom-ltd-trades-positions-only-68lornestreetsudburyonta,sudbury,House of Broadloom Ltd (Trades positions only),"68 Lorne Street Sudbury, Ontario P3E 4N8",Trades and Transport,unknown,https://investsudbury.ca/why-sudbury/newcomers/rcipfcip/,html,2026-09-10T21:07:36.068Z,2026-09-10T21:07:36.068Z,active,FALSE,new,
sudbury|iamgold-corporation-3mesomikendalakeroadgoga,sudbury,IAMGOLD Corporation,"3 Mesomikenda Lake Road, Gogama, On P0M 1W0",Natural Resources and Agriculture,unknown,https://investsudbury.ca/why-sudbury/newcomers/rcipfcip/,html,2026-09-10T21:07:36.068Z,2026-09-10T21:07:36.068Z,active,FALSE,new,
sudbury|imagine-therapeutic-services-inc-2945hwy69nunit102sudbury,sudbury,Imagine Therapeutic Services Inc.,"2945 Hwy 69 N, Unit 102, Sudbury, ON",Health,unknown,https://investsudbury.ca/why-sudbury/newcomers/rcipfcip/,html,2026-09-10T21:07:36.068Z,2026-09-10T21:07:36.068Z,active,FALSE,new,
sudbury|imperial-collision-centre-1024kingswaysudburyonp3b,sudbury,Imperial Collision Centre,"1024 Kingsway, Sudbury, ON P3B 2E5",Trades and Transport,unknown,https://investsudbury.ca/why-sudbury/newcomers/rcipfcip/,html,2026-09-10T21:07:36.068Z,2026-09-10T21:07:36.068Z,active,FALSE,new,
sudbury|independence-centre-and-network-ican-cerd-765brennanroadsudburyont,sudbury,Independence Centre And Network (ICAN–CERD),"765 Brennan Road, Sudbury, Ontario, Canada, P3C1C4",Health,unknown,https://investsudbury.ca/why-sudbury/newcomers/rcipfcip/,html,2026-09-10T21:07:36.068Z,2026-09-10T21:07:36.068Z,active,FALSE,new,
sudbury|innova-wealth-partners-inc-208888regentstreetsudbur,sudbury,Innova Wealth Partners Inc,"208-888 Regent Street Sudbury ON, P3E6C6","Business, Finance, and Administration",unknown,https://investsudbury.ca/why-sudbury/newcomers/rcipfcip/,html,2026-09-10T21:07:36.068Z,2026-09-10T21:07:36.068Z,active,FALSE,new,
sudbury|inspire-physio-1177barrydowneroadunit10,sudbury,Inspire Physio,"1177 Barrydowne Road, Unit 102, Sudbury, ON, P3A 3V4",Health,unknown,https://investsudbury.ca/why-sudbury/newcomers/rcipfcip/,html,2026-09-10T21:07:36.068Z,2026-09-10T21:07:36.068Z,active,FALSE,new,
sudbury|interior-surgeons-contracting-4847on535stcharlesonp0n2,sudbury,Interior Surgeons Contracting,"4847 ON-535, St.-Charles, ON P0N 2W0",Trades and Transport,unknown,https://investsudbury.ca/why-sudbury/newcomers/rcipfcip/,html,2026-09-10T21:07:36.068Z,2026-09-10T21:07:36.068Z,active,FALSE,new,
sudbury|ionic-mechatronics-ionic-engineering-limited-95mumfordroadlivelyonp3y,sudbury,Ionic Mechatronics – Ionic Engineering Limited,"95 Mumford Road, Lively, On P3Y 1L1",Natural and Applied Sciences,unknown,https://investsudbury.ca/why-sudbury/newcomers/rcipfcip/,html,2026-09-10T21:07:36.068Z,2026-09-10T21:07:36.068Z,active,FALSE,new,
sudbury|ivan-s-kitchens-598falconbridgeroadunit4,sudbury,Ivan’s Kitchens,"598 Falconbridge Road, Unit 4, Sudbuy ON P3A 5K6",Trades and Transport,unknown,https://investsudbury.ca/why-sudbury/newcomers/rcipfcip/,html,2026-09-10T21:07:36.068Z,2026-09-10T21:07:36.068Z,active,FALSE,new,
sudbury|j-s-manufacturing-106fieldingroadlivelyonp,sudbury,J&S Manufacturing,"106 Fielding Road, Lively, ON P3Y 1L5",Trades and Transport,unknown,https://investsudbury.ca/why-sudbury/newcomers/rcipfcip/,html,2026-09-10T21:07:36.068Z,2026-09-10T21:07:36.068Z,active,FALSE,new,
sudbury|jennmar-canada-ltd-2291-lasalle-blvd-sudbury-greatersudburyon,sudbury,"Jennmar Canada Ltd.2291 Lasalle Blvd., Sudbury","Greater Sudbury, ON",Trades and Transport,unknown,https://investsudbury.ca/why-sudbury/newcomers/rcipfcip/,html,2026-09-10T21:07:36.068Z,2026-09-10T21:07:36.068Z,active,FALSE,new,
sudbury|john-howard-society-of-sudbury-204pinestsudburyonp3c1x5,sudbury,John Howard Society of Sudbury,"204 Pine St. Sudbury ON., P3C 1X5","Education, Social, Community, and Government Services",unknown,https://investsudbury.ca/why-sudbury/newcomers/rcipfcip/,html,2026-09-10T21:07:36.068Z,2026-09-10T21:07:36.068Z,active,FALSE,new,
sudbury|johnny-s-transportation-services-guse-carriers-inc-3450hwy144chelmsfordonta,sudbury,Johnny’s Transportation Services – Guse Carriers Inc,"3450 Hwy 144, Chelmsford, Ontario, P0M 1L0",Trades and Transport,unknown,https://investsudbury.ca/why-sudbury/newcomers/rcipfcip/,html,2026-09-10T21:07:36.068Z,2026-09-10T21:07:36.068Z,active,FALSE,new,
sudbury|joy-global-canada-ltd-komatsu-mining-145magillstreetlivelyonp,sudbury,Joy Global (Canada) Ltd. – Komatsu Mining,"145 Magill Street, Lively, ON, P3Y 1K6",Trades and Transport,unknown,https://investsudbury.ca/why-sudbury/newcomers/rcipfcip/,html,2026-09-10T21:07:36.068Z,2026-09-10T21:07:36.068Z,active,FALSE,new,
sudbury|jubilee-heritage-family-resouices-sudbury-jubilee-heritage-daycare-189applegrovestreetsudbu,sudbury,Jubilee Heritage Family Resouices – Sudbury Jubilee Heritage Daycare,"189 Applegrove Street, Sudbury, ON P3C 1N4","Education, Social, Community, and Government Services",unknown,https://investsudbury.ca/why-sudbury/newcomers/rcipfcip/,html,2026-09-10T21:07:36.068Z,2026-09-10T21:07:36.068Z,active,FALSE,new,
sudbury|kaidyle-international-trade-inc-639arnoldstsudburyonp3e6,sudbury,Kaidyle International Trade Inc.,"639 Arnold St, Sudbury, ON, P3E 6H1",Trades and Transport,unknown,https://investsudbury.ca/why-sudbury/newcomers/rcipfcip/,html,2026-09-10T21:07:36.068Z,2026-09-10T21:07:36.068Z,active,FALSE,new,
sudbury|karis-disability-services430-westmount-ave-unit-i-j-sudbury-on-greatersudburyon,sudbury,"Karis Disability Services430 Westmount Ave Unit I & J, Sudbury ON","Greater Sudbury, ON","Education, Social, Community, and Government Services",unknown,https://investsudbury.ca/why-sudbury/newcomers/rcipfcip/,html,2026-09-10T21:07:36.068Z,2026-09-10T21:07:36.068Z,active,FALSE,new,
sudbury|keith-r-thompson-inc-krt-25duhamelroadlivelyonp3y,sudbury,Keith R. Thompson Inc – KRT,"25 Duhamel Road, Lively, ON P3Y 1L3",Trades and Transport,unknown,https://investsudbury.ca/why-sudbury/newcomers/rcipfcip/,html,2026-09-10T21:07:36.068Z,2026-09-10T21:07:36.068Z,active,FALSE,new,
sudbury|kilmer-environmental-inc-810kingswayunit2greaters,sudbury,Kilmer Environmental Inc.,"810 Kingsway Unit 2, Greater Sudbury, ON, P3B 2E5",Natural and Applied Sciences,unknown,https://investsudbury.ca/why-sudbury/newcomers/rcipfcip/,html,2026-09-10T21:07:36.068Z,2026-09-10T21:07:36.068Z,active,FALSE,new,
sudbury|kina-gbezhgomi-child-and-family-services866-newgate-ave-unit-1-sudbury-on-p3a-5j-greatersudburyon,sudbury,"Kina Gbezhgomi Child and Family Services866 Newgate Ave, Unit #1, Sudbury, ON P3A 5J9","Greater Sudbury, ON","Education, Social, Community, and Government Services",unknown,https://investsudbury.ca/why-sudbury/newcomers/rcipfcip/,html,2026-09-10T21:07:36.068Z,2026-09-10T21:07:36.068Z,active,FALSE,new,
sudbury|klohn-crippen-berger-ltdunit-1011361parisstreetsudbur,sudbury,Klohn Crippen Berger LtdUnit,"101 - 1361 Paris Street Sudbury, ON P3E 3B6",Natural and Applied Sciences,unknown,https://investsudbury.ca/why-sudbury/newcomers/rcipfcip/,html,2026-09-10T21:07:36.068Z,2026-09-10T21:07:36.068Z,active,FALSE,new,
sudbury|kovatera-inc-240fieldingroadlivelyonc,sudbury,Kovatera Inc.,"240 Fielding Road Lively, ON, Canada P3Y 1L6",Trades and Transport,unknown,https://investsudbury.ca/why-sudbury/newcomers/rcipfcip/,html,2026-09-10T21:07:36.068Z,2026-09-10T21:07:36.068Z,active,FALSE,new,
sudbury|ks-enterprise-inc-767barrydownerdsudburyon,sudbury,KS Enterprise Inc.,"767 Barry Downe Rd, Sudbury, ON P3A 3T6",Health,unknown,https://investsudbury.ca/why-sudbury/newcomers/rcipfcip/,html,2026-09-10T21:07:36.068Z,2026-09-10T21:07:36.068Z,active,FALSE,new,
sudbury|l-arche-sudbury-inc-31191lansingaveunesudbur,sudbury,L’Arche Sudbury Inc,"3-1191 Lansing Aveune, Sudbury, Ontario P3A 4C4","Education, Social, Community, and Government Services",unknown,https://investsudbury.ca/why-sudbury/newcomers/rcipfcip/,html,2026-09-10T21:07:36.068Z,2026-09-10T21:07:36.068Z,active,FALSE,new,
sudbury|la-ferme-id-ale-de-v-m-seguin-files-lt-e-389mon,sudbury,La Ferme Idéale de V & M Seguin & Files Ltée,389 Mon,Natural Resources and Agriculture,unknown,https://investsudbury.ca/why-sudbury/newcomers/rcipfcip/,html,2026-09-10T21:07:36.068Z,2026-09-10T21:07:36.068Z,active,FALSE,new,
sudbury|lacroix-construction-861lapointestreetsudbury,sudbury,Lacroix Construction,"861 Lapointe Street, Sudbury, ON P3A 5N9",Trades and Transport,unknown,https://investsudbury.ca/why-sudbury/newcomers/rcipfcip/,html,2026-09-10T21:07:36.068Z,2026-09-10T21:07:36.068Z,active,FALSE,new,
sudbury|lahaie-lumber-ltd-trades-only-907-hwy-64-greatersudburyon,sudbury,"Lahaie Lumber Ltd (Trades only)907 Hwy 64,","Greater Sudbury, ON",Natural Resources and Agriculture,unknown,https://investsudbury.ca/why-sudbury/newcomers/rcipfcip/,html,2026-09-10T21:07:36.068Z,2026-09-10T21:07:36.068Z,active,FALSE,new,
sudbury|laking-toyota-695kingswaysudburyonp4b2,sudbury,Laking Toyota,"695 Kingsway, Sudbury ON P4B 2E4",Trades and Transport,unknown,https://investsudbury.ca/why-sudbury/newcomers/rcipfcip/,html,2026-09-10T21:07:36.068Z,2026-09-10T21:07:36.068Z,active,FALSE,new,
sudbury|laking-toyota-garage-positions-only-695kingswaysudburyonp4b2,sudbury,Laking Toyota (Garage positions only),"695 Kingsway, Sudbury ON P4B 2E4",Trades and Transport,unknown,https://investsudbury.ca/why-sudbury/newcomers/rcipfcip/,html,2026-09-10T21:07:36.068Z,2026-09-10T21:07:36.068Z,active,FALSE,new,
sudbury|larch-street-kids-larch-street-kids-child-care-centre-inc-130elmstreetsuite202sudb,sudbury,Larch Street Kids – Larch Street Kids Child Care Centre INC,"130 Elm Street, Suite 202, Sudbury, ON P3C 1T6","Education, Social, Community, and Government Services",unknown,https://investsudbury.ca/why-sudbury/newcomers/rcipfcip/,html,2026-09-10T21:07:36.068Z,2026-09-10T21:07:36.068Z,active,FALSE,new,
sudbury|lasalle-walkin-clinic-inc-1813lasalleboulevardsudb,sudbury,Lasalle Walkin Clinic Inc,"1813 Lasalle Boulevard, Sudbury, Onario P3A 2A3",Health,unknown,https://investsudbury.ca/why-sudbury/newcomers/rcipfcip/,html,2026-09-10T21:07:36.068Z,2026-09-10T21:07:36.068Z,active,FALSE,new,
sudbury|laurentian-child-and-family-care-935ramseylakeroadsudbury,sudbury,Laurentian Child and Family Care,"935 Ramsey Lake Road, Sudbury, ON P3E 2C6","Education, Social, Community, and Government Services",unknown,https://investsudbury.ca/why-sudbury/newcomers/rcipfcip/,html,2026-09-10T21:07:36.068Z,2026-09-10T21:07:36.068Z,active,FALSE,new,
sudbury|laurentian-chrysler-laurentian-motors-sudbury-ltd-440afalconbridgeroadsudb,sudbury,Laurentian Chrysler – Laurentian Motors Sudbury LTD.,"440A Falconbridge Road, Sudbury, Ontario P3a 4S4",Trades and Transport,unknown,https://investsudbury.ca/why-sudbury/newcomers/rcipfcip/,html,2026-09-10T21:07:36.068Z,2026-09-10T21:07:36.068Z,active,FALSE,new,
sudbury|laurentian-university-935ramseylakeroadsudbury,sudbury,Laurentian University,"935 Ramsey Lake Road, Sudbury, P3E 2C6","Education, Social, Community, and Government Services",unknown,https://investsudbury.ca/why-sudbury/newcomers/rcipfcip/,html,2026-09-10T21:07:36.068Z,2026-09-10T21:07:36.068Z,active,FALSE,new,
sudbury|lecoupe-ice-mensour-enterprises-inc-trades-positions-only-2451evansroadvalcaronont,sudbury,Lecoupe Ice – Mensour Enterprises Inc. (Trades positions only),"2451 Evans Road, Val Caron, Ontario P3N 1L1",Trades and Transport,unknown,https://investsudbury.ca/why-sudbury/newcomers/rcipfcip/,html,2026-09-10T21:07:36.068Z,2026-09-10T21:07:36.068Z,active,FALSE,new,
sudbury|lend-direct-1685lasalleblvdsudburyon,sudbury,LEND DIRECT,"1685 Lasalle Blvd. Sudbury, On, P3A 1Z8","Business, Finance, and Administration",unknown,https://investsudbury.ca/why-sudbury/newcomers/rcipfcip/,html,2026-09-10T21:07:36.068Z,2026-09-10T21:07:36.068Z,active,FALSE,new,
sudbury|long-lake-family-dentistry-2231longlakeroadsudburyo,sudbury,Long Lake Family Dentistry,"2231 LONG LAKE ROAD, SUDBURY, ONTARIO, P3E 5H3",Health,unknown,https://investsudbury.ca/why-sudbury/newcomers/rcipfcip/,html,2026-09-10T21:07:36.068Z,2026-09-10T21:07:36.068Z,active,FALSE,new,
sudbury|lopes-limited-84smelterroadconistonont,sudbury,Lopes Limited,"84 Smelter Road, Coniston, Ontario P0M 1M0",Trades and Transport,unknown,https://investsudbury.ca/why-sudbury/newcomers/rcipfcip/,html,2026-09-10T21:07:36.068Z,2026-09-10T21:07:36.068Z,active,FALSE,new,
sudbury|luxor-management-inc-120larchstreetsudburyonp,sudbury,Luxor Management Inc.,"120 Larch Street, Sudbury, ON P3E 1C2","Business, Finance, and Administration",unknown,https://investsudbury.ca/why-sudbury/newcomers/rcipfcip/,html,2026-09-10T21:07:36.068Z,2026-09-10T21:07:36.068Z,active,FALSE,new,
sudbury|maclean-engineering-marketing-limited1067-kelly-lake-road-sudbury-1063-kelly-lak-greatersudburyon,sudbury,"MacLean Engineering & Marketing Limited1067 Kelly Lake Road, Sudbury & 1063 Kelly Lake Road, Sudbury & 155 Magill Street, Lively & 144 Pine Street, Sudbury","Greater Sudbury, ON",Trades and Transport,unknown,https://investsudbury.ca/why-sudbury/newcomers/rcipfcip/,html,2026-09-10T21:07:36.068Z,2026-09-10T21:07:36.068Z,active,FALSE,new,
sudbury|maestro-digital-mine-high-grade-controls-87magillstreetlivelyonta,sudbury,Maestro Digital Mine – High Grade Controls,"87 Magill Street, Lively, Ontario P3Y 1K6",Natural Resources and Agriculture,unknown,https://investsudbury.ca/why-sudbury/newcomers/rcipfcip/,html,2026-09-10T21:07:36.068Z,2026-09-10T21:07:36.068Z,active,FALSE,new,
sudbury|magic-triangle-centre-pivot-du-triangle-magique-4120elmviwdrivehanmeronp,sudbury,Magic Triangle – Centre pivot du triangle magique,"4120 Elmviw Drive, Hanmer ON P3P 1L1","Education, Social, Community, and Government Services",unknown,https://investsudbury.ca/why-sudbury/newcomers/rcipfcip/,html,2026-09-10T21:07:36.068Z,2026-09-10T21:07:36.068Z,active,FALSE,new,
sudbury|magna-mining-inc-1300kellylakeroadsudbury,sudbury,Magna Mining Inc,"1300 Kelly Lake Road, Sudbury, Ontario P3E 5P4",Natural Resources and Agriculture,unknown,https://investsudbury.ca/why-sudbury/newcomers/rcipfcip/,html,2026-09-10T21:07:36.068Z,2026-09-10T21:07:36.068Z,active,FALSE,new,
sudbury|mansour-canadian-rail-motive-power-services-inc-1foundaryroadsudburyp3a4,sudbury,Mansour Canadian Rail Motive Power Services Inc,"1 Foundary Road, Sudbury, P3A 4R7",Trades and Transport,unknown,https://investsudbury.ca/why-sudbury/newcomers/rcipfcip/,html,2026-09-10T21:07:36.068Z,2026-09-10T21:07:36.068Z,active,FALSE,new,
sudbury|mansour-chemicals-commodities-mansour-chemicals-inc-2502elmstazildaonp3e4r6,sudbury,Mansour Chemicals & Commodities – Mansour Chemicals Inc.,"2502 Elm St. Azilda, ON P3E 4R6",Trades and Transport,unknown,https://investsudbury.ca/why-sudbury/newcomers/rcipfcip/,html,2026-09-10T21:07:36.068Z,2026-09-10T21:07:36.068Z,active,FALSE,new,
sudbury|mansour-commodities-inc-2502elmstazildaonp3e4r6,sudbury,Mansour Commodities Inc.,"2502 Elm St. Azilda, ON P3E 4R6",Trades and Transport,unknown,https://investsudbury.ca/why-sudbury/newcomers/rcipfcip/,html,2026-09-10T21:07:36.068Z,2026-09-10T21:07:36.068Z,active,FALSE,new,
sudbury|mansour-group-inc-2502elmstazildaonp3e4r6,sudbury,Mansour Group Inc,"2502 Elm St. Azilda, ON P3E 4R6",Trades and Transport,unknown,https://investsudbury.ca/why-sudbury/newcomers/rcipfcip/,html,2026-09-10T21:07:36.068Z,2026-09-10T21:07:36.068Z,active,FALSE,new,
sudbury|mansour-logistics-2502elmstazildaonp3e4r6,sudbury,Mansour Logistics,"2502 Elm St. Azilda, ON P3E 4R6",Trades and Transport,unknown,https://investsudbury.ca/why-sudbury/newcomers/rcipfcip/,html,2026-09-10T21:07:36.068Z,2026-09-10T21:07:36.068Z,active,FALSE,new,
sudbury|maple-tree-preschool-non-profit-inc-44thirdavep3b3p8,sudbury,Maple Tree Preschool Non Profit Inc,"44 Third Ave, P3B 3P8","Education, Social, Community, and Government Services",unknown,https://investsudbury.ca/why-sudbury/newcomers/rcipfcip/,html,2026-09-10T21:07:36.068Z,2026-09-10T21:07:36.068Z,active,FALSE,new,
sudbury|march-of-dimes-canada-40096larchstreetsudburyo,sudbury,March of Dimes Canada,"400-96 Larch Street, Sudbury, ON P3E 1C1",Health,unknown,https://investsudbury.ca/why-sudbury/newcomers/rcipfcip/,html,2026-09-10T21:07:36.068Z,2026-09-10T21:07:36.068Z,active,FALSE,new,
sudbury|mark-g-reich-dentistry-professional-corporation-1280lasalleboulevardsudb,sudbury,Mark G. Reich Dentistry Professional Corporation,"1280 Lasalle Boulevard, Sudbury, On, P3A 1Y8",Health,unknown,https://investsudbury.ca/why-sudbury/newcomers/rcipfcip/,html,2026-09-10T21:07:36.068Z,2026-09-10T21:07:36.068Z,active,FALSE,new,
sudbury|marona-kitchen-manufacturing-la-cuisine-2170valleyviewroadvalcar,sudbury,Marona Kitchen Manufacturing / La Cuisine,"2170 Valleyview Road, Val Caron, ON P3N 1L1",Trades and Transport,unknown,https://investsudbury.ca/why-sudbury/newcomers/rcipfcip/,html,2026-09-10T21:07:36.068Z,2026-09-10T21:07:36.068Z,active,FALSE,new,
sudbury|martin-roy-transport-1727pioneerroadsudburyon,sudbury,Martin Roy Transport,"1727 Pioneer Road, Sudbury, ON P3G 1B2",Trades and Transport,unknown,https://investsudbury.ca/why-sudbury/newcomers/rcipfcip/,html,2026-09-10T21:07:36.068Z,2026-09-10T21:07:36.068Z,active,FALSE,new,
sudbury|mattagami-metals-inc-295lerouxstreetchelmsfor,sudbury,Mattagami Metals Inc.,"295 Leroux street, Chelmsford, On, P0M 1L0",Trades and Transport,unknown,https://investsudbury.ca/why-sudbury/newcomers/rcipfcip/,html,2026-09-10T21:07:36.068Z,2026-09-10T21:07:36.068Z,active,FALSE,new,
sudbury|mazzuca-chrysler-inc-garage-only-331hannaavecapreilontari,sudbury,Mazzuca Chrysler Inc.– Garage Only,"331 Hanna Ave, Capreil, Ontario P0M 1H0",Trades and Transport,not_hiring,https://investsudbury.ca/why-sudbury/newcomers/rcipfcip/,html,2026-09-10T21:07:36.068Z,2026-09-10T21:07:36.068Z,active,FALSE,new,Source marks employer as not hiring.
sudbury|mbr-construction-limited-38pasadenalngreatersudbu,sudbury,MBR Construction limited,"38 Pasadena ln, greater sudbury, ON P3C 3E8",Trades and Transport,unknown,https://investsudbury.ca/why-sudbury/newcomers/rcipfcip/,html,2026-09-10T21:07:36.068Z,2026-09-10T21:07:36.068Z,active,FALSE,new,
sudbury|mca-contracting-ltd-89duhamelroadlivelyontar,sudbury,MCA Contracting Ltd,"89 Duhamel Road, Lively, Ontario P3Y 1L3",Trades and Transport,unknown,https://investsudbury.ca/why-sudbury/newcomers/rcipfcip/,html,2026-09-10T21:07:36.068Z,2026-09-10T21:07:36.068Z,active,FALSE,new,
sudbury|mccallum-and-pinard-solutions-inc-1196douglasstreetsudbury,sudbury,McCallum and Pinard Solutions Inc,"1-196 Douglas Street, Sudbury, Ontrio P3E 1G1",Trades and Transport,unknown,https://investsudbury.ca/why-sudbury/newcomers/rcipfcip/,html,2026-09-10T21:07:36.068Z,2026-09-10T21:07:36.068Z,active,FALSE,new,
sudbury|mcdougall-energy-inc-150mumfordrdunit2livelyo,sudbury,McDougall Energy Inc.,"150 Mumford Rd Unit 2, Lively, ON P3Y 1L1",Trades and Transport,unknown,https://investsudbury.ca/why-sudbury/newcomers/rcipfcip/,html,2026-09-10T21:07:36.068Z,2026-09-10T21:07:36.068Z,active,FALSE,new,
sudbury|mcdowell-brothers-industries-2018kingswaysudburyonp3b,sudbury,McDowell Brothers Industries,"2018 Kingsway, Sudbury, ON, P3B 4J8",Trades and Transport,unknown,https://investsudbury.ca/why-sudbury/newcomers/rcipfcip/,html,2026-09-10T21:07:36.068Z,2026-09-10T21:07:36.068Z,active,FALSE,new,
sudbury|mcr-track-services-mansour-canadian-rail-track-services-inc-2502elmstazildaonp3e4r6,sudbury,MCR Track Services – Mansour Canadian Rail Track Services Inc.,"2502 Elm St. Azilda, ON P3E 4R6",Trades and Transport,unknown,https://investsudbury.ca/why-sudbury/newcomers/rcipfcip/,html,2026-09-10T21:07:36.068Z,2026-09-10T21:07:36.068Z,active,FALSE,new,
sudbury|meals-on-wheeels-sudbury-1127bancroftdrivesudbury,sudbury,Meals On Wheeels Sudbury,"1127 Bancroft Drive, Sudbury, Ontario P3B 1R6","Education, Social, Community, and Government Services",unknown,https://investsudbury.ca/why-sudbury/newcomers/rcipfcip/,html,2026-09-10T21:07:36.068Z,2026-09-10T21:07:36.068Z,active,FALSE,new,
sudbury|metalec-sudbury-inc-2925poolecourtvalcaronon,sudbury,Metalec Sudbury Inc,"2925 Poole Court, Val Caron, Ontario P3N 1B2",Trades and Transport,unknown,https://investsudbury.ca/why-sudbury/newcomers/rcipfcip/,html,2026-09-10T21:07:36.068Z,2026-09-10T21:07:36.068Z,active,FALSE,new,
sudbury|mike-witherell-mehanical-ltd-74mumfordroadlivelyonp3y,sudbury,Mike Witherell Mehanical Ltd.,"74 Mumford Road, Lively, ON, P3Y 1L2",Trades and Transport,unknown,https://investsudbury.ca/why-sudbury/newcomers/rcipfcip/,html,2026-09-10T21:07:36.068Z,2026-09-10T21:07:36.068Z,active,FALSE,new,
sudbury|mike-s-countertop-shop-trades-positions-only-633lornestreetsudburyonp,sudbury,Mike’s Countertop Shop (Trades positions only),"633 Lorne Street, Sudbury, ON, P3C 4R3",Trades and Transport,unknown,https://investsudbury.ca/why-sudbury/newcomers/rcipfcip/,html,2026-09-10T21:07:36.068Z,2026-09-10T21:07:36.068Z,active,FALSE,new,
sudbury|millennium-process-group-inc-ntt-data-80nationalstreetsudburyo,sudbury,"Millennium process group, INC. – NTT DATA","80 National street, Sudbury Ontario, P3L 1M5",Natural and Applied Sciences,unknown,https://investsudbury.ca/why-sudbury/newcomers/rcipfcip/,html,2026-09-10T21:07:36.068Z,2026-09-10T21:07:36.068Z,active,FALSE,new,
sudbury|mineconnect-supply-and-services-association-1545maleydrivesudburyonp,sudbury,Mineconnect Supply and Services Association,"1545 Maley Drive, Sudbury, ON P3A 4R7","Business, Finance, and Administration",unknown,https://investsudbury.ca/why-sudbury/newcomers/rcipfcip/,html,2026-09-10T21:07:36.068Z,2026-09-10T21:07:36.068Z,active,FALSE,new,
sudbury|mirarco-mining-innovation-mining-innovation-rehabilitation-and-applied-research--935ramseylakeroadsudbury,sudbury,"MIRARCO Mining Innovation – Mining Innovation, Rehabilitation and Applied Research Corporation","935 Ramsey Lake Road, Sudbury, Ontario P3E 2C6","Education, Social, Community, and Government Services",unknown,https://investsudbury.ca/why-sudbury/newcomers/rcipfcip/,html,2026-09-10T21:07:36.068Z,2026-09-10T21:07:36.068Z,active,FALSE,new,
sudbury|mnp-487bouchardstreetsudbury,sudbury,MNP,"487 Bouchard Street, Sudbury, Ontario P3E 2K8","Business, Finance, and Administration",unknown,https://investsudbury.ca/why-sudbury/newcomers/rcipfcip/,html,2026-09-10T21:07:36.068Z,2026-09-10T21:07:36.068Z,active,FALSE,new,
sudbury|mnp-llp-1970parisstreetsudburyon,sudbury,MNP LLP,"1970 Paris Street, Sudbury, ON P3E 3C8","Business, Finance, and Administration",unknown,https://investsudbury.ca/why-sudbury/newcomers/rcipfcip/,html,2026-09-10T21:07:36.068Z,2026-09-10T21:07:36.068Z,active,FALSE,new,
sudbury|monarch-recovery-services-405ramseyroadsudburyonta,sudbury,Monarch Recovery Services,"405 Ramsey Road, Sudbury, Ontario P3E 2Z5","Education, Social, Community, and Government Services",unknown,https://investsudbury.ca/why-sudbury/newcomers/rcipfcip/,html,2026-09-10T21:07:36.068Z,2026-09-10T21:07:36.068Z,active,FALSE,new,
sudbury|moran-fabricating-limited-159fieldingroadlivelyonp,sudbury,Moran Fabricating Limited,"159 Fielding Road  Lively, ON P3L 1L7",Trades and Transport,unknown,https://investsudbury.ca/why-sudbury/newcomers/rcipfcip/,html,2026-09-10T21:07:36.068Z,2026-09-10T21:07:36.068Z,active,FALSE,new,
sudbury|more-than-concrete-768corsihillsudburyontar,sudbury,More Than Concrete,"768 Corsi Hill, Sudbury, Ontario, P3E 6L6",Trades and Transport,unknown,https://investsudbury.ca/why-sudbury/newcomers/rcipfcip/,html,2026-09-10T21:07:36.068Z,2026-09-10T21:07:36.068Z,active,FALSE,new,
sudbury|morris-dental-group-123dentist-corporation-lively-204-6th-avenue-lively-on-p3y1n-greatersudburyon,sudbury,"Morris Dental Group – 123Dentist Corporation (Lively)204 6th Avenue Lively,ON P3Y1N3","Greater Sudbury, ON",Health,unknown,https://investsudbury.ca/why-sudbury/newcomers/rcipfcip/,html,2026-09-10T21:07:36.068Z,2026-09-10T21:07:36.068Z,active,FALSE,new,
sudbury|motion-lp-747notredameavesudburyon,sudbury,Motion LP,"747 Notre Dame Ave., Sudbury, ON, P3A 2T2",Health,unknown,https://investsudbury.ca/why-sudbury/newcomers/rcipfcip/,html,2026-09-10T21:07:36.068Z,2026-09-10T21:07:36.068Z,active,FALSE,new,
sudbury|mr-lube-1813regentstreetsouthsud,sudbury,Mr. Lube,"1813 Regent Street, South, Sudbury, Ontario P3E 3Z7",Trades and Transport,unknown,https://investsudbury.ca/why-sudbury/newcomers/rcipfcip/,html,2026-09-10T21:07:36.068Z,2026-09-10T21:07:36.068Z,active,FALSE,new,
sudbury|new-sudbury-volkswagen-ltd-1593lasalleblvdsudburyon,sudbury,New Sudbury Volkswagen Ltd,"1593 LaSalle Blvd, Sudbury, ON P3A 1Z8",Trades and Transport,unknown,https://investsudbury.ca/why-sudbury/newcomers/rcipfcip/,html,2026-09-10T21:07:36.068Z,2026-09-10T21:07:36.068Z,active,FALSE,new,
sudbury|nickel-city-steel-limited-100columbuscourtlivelyon,sudbury,Nickel City Steel Limited,"100 Columbus Court, Lively, ON P3Y 0A9",Trades and Transport,unknown,https://investsudbury.ca/why-sudbury/newcomers/rcipfcip/,html,2026-09-10T21:07:36.068Z,2026-09-10T21:07:36.068Z,active,FALSE,new,
sudbury|normet-canada-ltd-1columbusctlivelyonp3y0b,sudbury,"Normet Canada, Ltd.",1 Columbus Ct Lively ON P3Y 0B3,Trades and Transport,unknown,https://investsudbury.ca/why-sudbury/newcomers/rcipfcip/,html,2026-09-10T21:07:36.068Z,2026-09-10T21:07:36.068Z,active,FALSE,new,
sudbury|north-bay-computer-services-sudbury-computer-services-inc-2689kingswayunit4sudbury,sudbury,North Bay Computer Services/ Sudbury Computer Services Inc,"2689 Kingsway, Unit 4, Sudbury, ON P3B 3T3",Natural and Applied Sciences,unknown,https://investsudbury.ca/why-sudbury/newcomers/rcipfcip/,html,2026-09-10T21:07:36.068Z,2026-09-10T21:07:36.068Z,active,FALSE,new,
sudbury|north-of-17inc7568hwy535nhagaronp,sudbury,North Of,"17 Inc7568 Hwy 535N, Hagar, ON, P0M 1X0",Trades and Transport,unknown,https://investsudbury.ca/why-sudbury/newcomers/rcipfcip/,html,2026-09-10T21:07:36.068Z,2026-09-10T21:07:36.068Z,active,FALSE,new,
sudbury|north-village-dental-centre-4580michelledrivehanmero,sudbury,North Village Dental Centre,"4580 Michelle Drive, Hanmer, Ontario P2P 1E7",Health,unknown,https://investsudbury.ca/why-sudbury/newcomers/rcipfcip/,html,2026-09-10T21:07:36.068Z,2026-09-10T21:07:36.068Z,active,FALSE,new,
sudbury|northern-centre-for-advanced-technology-inc-norcat-1545maleydrivesudburyont,sudbury,Northern Centre For Advanced Technology Inc. – NORCAT,"1545 Maley Drive, Sudbury, Ontario, Canada, P3A 4R7","Education, Social, Community, and Government Services",unknown,https://investsudbury.ca/why-sudbury/newcomers/rcipfcip/,html,2026-09-10T21:07:36.068Z,2026-09-10T21:07:36.068Z,active,FALSE,new,
sudbury|northern-climate-inc-1021kingswaysudburyontar,sudbury,Northern Climate Inc,"1021 Kingsway, Sudbury Ontario, P3B 2E6",Trades and Transport,unknown,https://investsudbury.ca/why-sudbury/newcomers/rcipfcip/,html,2026-09-10T21:07:36.068Z,2026-09-10T21:07:36.068Z,active,FALSE,new,
sudbury|northern-communication-services-inc-230alderstreetp3c4j2,sudbury,Northern Communication Services Inc,"230 Alder Street, P3C 4J2","Education, Social, Community, and Government Services",unknown,https://investsudbury.ca/why-sudbury/newcomers/rcipfcip/,html,2026-09-10T21:07:36.068Z,2026-09-10T21:07:36.068Z,active,FALSE,new,
sudbury|northern-nissan-1000kingswaysudburyonp3b,sudbury,Northern Nissan,"1000 Kingsway, Sudbury ON, P3B 2E5",Trades and Transport,unknown,https://investsudbury.ca/why-sudbury/newcomers/rcipfcip/,html,2026-09-10T21:07:36.068Z,2026-09-10T21:07:36.068Z,active,FALSE,new,
sudbury|northern-nissan-garage-positions-only-1000kingswaysudburyonp3b,sudbury,Northern Nissan (Garage positions only),"1000 Kingsway, Sudbury ON, P3B 2E5",Trades and Transport,unknown,https://investsudbury.ca/why-sudbury/newcomers/rcipfcip/,html,2026-09-10T21:07:36.068Z,2026-09-10T21:07:36.068Z,active,FALSE,new,
sudbury|northern-outreach-and-clinical-services-1549fairburnstreetsudbur,sudbury,Northern Outreach and Clinical Services,"1549 Fairburn Street, Sudbury Ontario P3A 1N6","Education, Social, Community, and Government Services",unknown,https://investsudbury.ca/why-sudbury/newcomers/rcipfcip/,html,2026-09-10T21:07:36.068Z,2026-09-10T21:07:36.068Z,active,FALSE,new,
sudbury|northern-rebar-incunit-26-84smellterroadconistonp0,sudbury,"Northern Rebar IncUnit 26,","84 Smellter Road, Coniston, P0M 1M0",Trades and Transport,unknown,https://investsudbury.ca/why-sudbury/newcomers/rcipfcip/,html,2026-09-10T21:07:36.068Z,2026-09-10T21:07:36.068Z,active,FALSE,new,
sudbury|northern-security-ltd-41lornestreetsudburyonta,sudbury,Northern Security Ltd,"41 Lorne Street, Sudbury, Ontario P3C 4P1",Trades and Transport,unknown,https://investsudbury.ca/why-sudbury/newcomers/rcipfcip/,html,2026-09-10T21:07:36.068Z,2026-09-10T21:07:36.068Z,active,FALSE,new,
sudbury|northern-youth-services-inc-3200bancroftdrsudburyonp,sudbury,Northern Youth Services Inc,"3200 Bancroft Dr. Sudbury, ON P3B 1V3","Education, Social, Community, and Government Services",unknown,https://investsudbury.ca/why-sudbury/newcomers/rcipfcip/,html,2026-09-10T21:07:36.068Z,2026-09-10T21:07:36.068Z,active,FALSE,new,
sudbury|northway-bus-lines-2949trudeaudrivevalcaron,sudbury,Northway Bus Lines,"2949 Trudeau Drive, Val Caron ON P3N 1B2",Trades and Transport,unknown,https://investsudbury.ca/why-sudbury/newcomers/rcipfcip/,html,2026-09-10T21:07:36.068Z,2026-09-10T21:07:36.068Z,active,FALSE,new,
sudbury|northwood-medical-clinics-inc-1865parisstreetsudburyon,sudbury,Northwood Medical Clinics Inc,"1865 Paris Street, Sudbury, ON P3E 3C5",Health,unknown,https://investsudbury.ca/why-sudbury/newcomers/rcipfcip/,html,2026-09-10T21:07:36.068Z,2026-09-10T21:07:36.068Z,active,FALSE,new,
sudbury|orix-geoscience-2018incunita1300kellylak,sudbury,Orix Geoscience,"2018 Inc.Unit A - 1300 Kelly Lake Rd., Sudbury ON  P3E 5P4",Natural and Applied Sciences,unknown,https://investsudbury.ca/why-sudbury/newcomers/rcipfcip/,html,2026-09-10T21:07:36.068Z,2026-09-10T21:07:36.068Z,active,FALSE,new,
sudbury|our-children-our-future-family-resources-201joguesstreetsudburyon,sudbury,"Our Children, Our Future – Family Resources","201 Jogues Street, Sudbury, On P3C 5L7","Education, Social, Community, and Government Services",unknown,https://investsudbury.ca/why-sudbury/newcomers/rcipfcip/,html,2026-09-10T21:07:36.068Z,2026-09-10T21:07:36.068Z,active,FALSE,new,
sudbury|p0m-1a0-greatersudburyon,sudbury,P0M 1A0,"Greater Sudbury, ON",Natural Resources and Agriculture,unknown,https://investsudbury.ca/why-sudbury/newcomers/rcipfcip/,html,2026-09-10T21:07:36.068Z,2026-09-10T21:07:36.068Z,active,FALSE,new,
sudbury|p3a-4n8-greatersudburyon,sudbury,P3A 4N8,"Greater Sudbury, ON",Trades and Transport,unknown,https://investsudbury.ca/why-sudbury/newcomers/rcipfcip/,html,2026-09-10T21:07:36.068Z,2026-09-10T21:07:36.068Z,active,FALSE,new,
sudbury|p3b-1s7-greatersudburyon,sudbury,P3B 1S7,"Greater Sudbury, ON","Education, Social, Community, and Government Services",unknown,https://investsudbury.ca/why-sudbury/newcomers/rcipfcip/,html,2026-09-10T21:07:36.068Z,2026-09-10T21:07:36.068Z,active,FALSE,new,
sudbury|palladino-subaru-garage-positions-only-1115-kingsway-blvd-sudbury-greatersudburyon,sudbury,"Palladino Subaru (Garage positions only)1115 Kingsway Blvd, Sudbury","Greater Sudbury, ON",Trades and Transport,unknown,https://investsudbury.ca/why-sudbury/newcomers/rcipfcip/,html,2026-09-10T21:07:36.068Z,2026-09-10T21:07:36.068Z,active,FALSE,new,
sudbury|paramed-inc-paramed-home-health-care-7754falcon,sudbury,Paramed Inc.– ParaMed Home Health Care,7-754 Falcon,Health,unknown,https://investsudbury.ca/why-sudbury/newcomers/rcipfcip/,html,2026-09-10T21:07:36.068Z,2026-09-10T21:07:36.068Z,active,FALSE,new,
sudbury|paroisse-st-jacques46-boulevard-cot-hanmer-p3p-1x5-ontario-canada-greatersudburyon,sudbury,"Paroisse St Jacques46 boulevard coté , Hanmer ,P3P 1X5 Ontario ,Canada","Greater Sudbury, ON","Education, Social, Community, and Government Services",unknown,https://investsudbury.ca/why-sudbury/newcomers/rcipfcip/,html,2026-09-10T21:07:36.068Z,2026-09-10T21:07:36.068Z,active,FALSE,new,
sudbury|patrick-mehanical-limited-119magillstreetlivelyonp,sudbury,Patrick Mehanical Limited,"119 Magill Street, Lively, ON P3Y 1K6",Trades and Transport,unknown,https://investsudbury.ca/why-sudbury/newcomers/rcipfcip/,html,2026-09-10T21:07:36.068Z,2026-09-10T21:07:36.068Z,active,FALSE,new,
sudbury|pet-save-inc-95whiterdlivelyonp3y1c3,sudbury,Pet Save Inc.,"95 White Rd, Lively, ON P3Y 1C3","Education, Social, Community, and Government Services",unknown,https://investsudbury.ca/why-sudbury/newcomers/rcipfcip/,html,2026-09-10T21:07:36.068Z,2026-09-10T21:07:36.068Z,active,FALSE,new,
sudbury|pharmapeers-inc-new-coniston-pharmacy-35secondaveconistononp0m,sudbury,Pharmapeers Inc.– New Coniston Pharmacy,"35 Second Ave , Coniston , ON , P0M 1M0",Health,unknown,https://investsudbury.ca/why-sudbury/newcomers/rcipfcip/,html,2026-09-10T21:07:36.068Z,2026-09-10T21:07:36.068Z,active,FALSE,new,
sudbury|pioneer-construction-inc-1ceasarroadsudburyonp3e5,sudbury,Pioneer Construction Inc,"1 Ceasar Road, Sudbury, On, P3E 5P3",Trades and Transport,unknown,https://investsudbury.ca/why-sudbury/newcomers/rcipfcip/,html,2026-09-10T21:07:36.068Z,2026-09-10T21:07:36.068Z,active,FALSE,new,
sudbury|podco-inc-1545maleydrivesudburyont,sudbury,Podco Inc.,"1545 Maley Drive Sudbury, Ontario P3A 4R7",Natural and Applied Sciences,unknown,https://investsudbury.ca/why-sudbury/newcomers/rcipfcip/,html,2026-09-10T21:07:36.068Z,2026-09-10T21:07:36.068Z,active,FALSE,new,
sudbury|prospec-engineering-architecture-ltd-2502elmstreetazildaon,sudbury,Prospec Engineering & Architecture Ltd,"2502 Elm Street, Azilda ON",Natural and Applied Sciences,unknown,https://investsudbury.ca/why-sudbury/newcomers/rcipfcip/,html,2026-09-10T21:07:36.068Z,2026-09-10T21:07:36.068Z,active,FALSE,new,
sudbury|prospec-steel-fabrication-2502elmstazildaonp3e4r6,sudbury,Prospec Steel Fabrication,"2502 Elm St. Azilda, ON P3E 4R6",Trades and Transport,unknown,https://investsudbury.ca/why-sudbury/newcomers/rcipfcip/,html,2026-09-10T21:07:36.068Z,2026-09-10T21:07:36.068Z,active,FALSE,new,
sudbury|psl-patrick-sprack-limited-119magillstreetlivelyp3y,sudbury,PSL Patrick Sprack Limited,"119 Magill Street, Lively, P3Y 1K6",Trades and Transport,unknown,https://investsudbury.ca/why-sudbury/newcomers/rcipfcip/,html,2026-09-10T21:07:36.068Z,2026-09-10T21:07:36.068Z,active,FALSE,new,
sudbury|r-m-belanger-limited-belanger-construction-100radissonavenuechelmsf,sudbury,R.M. Belanger Limited – Belanger Construction,"100 Radisson Avenue, Chelmsford, ON P0M 1L0",Trades and Transport,unknown,https://investsudbury.ca/why-sudbury/newcomers/rcipfcip/,html,2026-09-10T21:07:36.068Z,2026-09-10T21:07:36.068Z,active,FALSE,new,
sudbury|railveyor-technologies-global-inc-40larchstreetunit201sudb,sudbury,Railveyor Technologies Global Inc,"40 Larch Street, Unit 201 Sudbury, ON P3E 5M7",Natural and Applied Sciences,unknown,https://investsudbury.ca/why-sudbury/newcomers/rcipfcip/,html,2026-09-10T21:07:36.068Z,2026-09-10T21:07:36.068Z,active,FALSE,new,
sudbury|rainbow-concrete-industries-ltd-2477maleydrivesudburyont,sudbury,Rainbow Concrete Industries Ltd,"2477 Maley Drive, Sudbury, Ontario P3A 4R7",Trades and Transport,unknown,https://investsudbury.ca/why-sudbury/newcomers/rcipfcip/,html,2026-09-10T21:07:36.068Z,2026-09-10T21:07:36.068Z,active,FALSE,new,
sudbury|red-oak-villa-lp-inc-20steanneroadsudburyonp3,sudbury,Red Oak Villa LP Inc,"20 Ste. Anne Road, Sudbury, ON P3C 5N4",Health,unknown,https://investsudbury.ca/why-sudbury/newcomers/rcipfcip/,html,2026-09-10T21:07:36.068Z,2026-09-10T21:07:36.068Z,active,FALSE,new,
sudbury|regent-bookkeeping1332-regent-street-sudbury-greatersudburyon,sudbury,"Regent Bookkeeping1332 Regent Street, Sudbury","Greater Sudbury, ON","Business, Finance, and Administration",unknown,https://investsudbury.ca/why-sudbury/newcomers/rcipfcip/,html,2026-09-10T21:07:36.068Z,2026-09-10T21:07:36.068Z,active,FALSE,new,
sudbury|regional-spring-service-truck-repair-442069ontariolimited584f,sudbury,Regional Spring Service & Truck Repair –,"442069 Ontario Limited584 Falconbridge Road, Unit 1, Sudbury, Ontario P3A 4S4",Trades and Transport,unknown,https://investsudbury.ca/why-sudbury/newcomers/rcipfcip/,html,2026-09-10T21:07:36.068Z,2026-09-10T21:07:36.068Z,active,FALSE,new,
sudbury|repairtech-rx-inc-1212lasalleboulevardunit,sudbury,Repairtech RX Inc.,"1212 Lasalle Boulevard, Unit A, Sudbury, Ontario P3A 1Y5",Trades and Transport,unknown,https://investsudbury.ca/why-sudbury/newcomers/rcipfcip/,html,2026-09-10T21:07:36.068Z,2026-09-10T21:07:36.068Z,active,FALSE,new,
sudbury|repin-inc-276larchstreetsuite1sudb,sudbury,Repin Inc.,"276 Larch Street, Suite 1, Sudbury, ON","Business, Finance, and Administration",unknown,https://investsudbury.ca/why-sudbury/newcomers/rcipfcip/,html,2026-09-10T21:07:36.068Z,2026-09-10T21:07:36.068Z,active,FALSE,new,
sudbury|sandvik-canada-inc-100magillstreetlivelyonp,sudbury,"Sandvik Canada, Inc.","100 Magill Street, Lively, ON P3Y1K7",Trades and Transport,unknown,https://investsudbury.ca/why-sudbury/newcomers/rcipfcip/,html,2026-09-10T21:07:36.068Z,2026-09-10T21:07:36.068Z,active,FALSE,new,
sudbury|santos-construction-solutions-ltd-86duhamelrdlivelyonp3y1h,sudbury,Santos Construction Solutions Ltd.,"86 Duhamel Rd.  Lively, ON P3Y 1H4",Trades and Transport,unknown,https://investsudbury.ca/why-sudbury/newcomers/rcipfcip/,html,2026-09-10T21:07:36.068Z,2026-09-10T21:07:36.068Z,active,FALSE,new,
sudbury|sciences-north-41ramseylakeroadsudburyo,sudbury,Sciences North,"41 Ramsey Lake Road, Sudbury, Ontario P3E 5J1",Health,unknown,https://investsudbury.ca/why-sudbury/newcomers/rcipfcip/,html,2026-09-10T21:07:36.068Z,2026-09-10T21:07:36.068Z,active,FALSE,new,
sudbury|sciences-north-foundation-41ramseylakeroadsudburyo,sudbury,Sciences North Foundation,"41 Ramsey Lake Road, Sudbury, ONtario P3E 5J1",Health,unknown,https://investsudbury.ca/why-sudbury/newcomers/rcipfcip/,html,2026-09-10T21:07:36.068Z,2026-09-10T21:07:36.068Z,active,FALSE,new,
sudbury|scotiabank-57durhamstreetsudburyon1,sudbury,Scotiabank,"57 Durham Street, Sudbury, ON | 104 Beech Street, Sudbury, ON | 2040 Algonquin Road, Sudbury, ON","Business, Finance, and Administration",unknown,https://investsudbury.ca/why-sudbury/newcomers/rcipfcip/,html,2026-09-10T21:07:36.068Z,2026-09-10T21:07:36.068Z,active,FALSE,new,
sudbury|shield-ea-ltd-130parisstreetsudburyont,sudbury,Shield EA Ltd.,"130 Paris Street, Sudbury, Ontario P3E 3E1",Natural and Applied Sciences,unknown,https://investsudbury.ca/why-sudbury/newcomers/rcipfcip/,html,2026-09-10T21:07:36.068Z,2026-09-10T21:07:36.068Z,active,FALSE,new,
sudbury|shoppers-drug-mart-1195-1181-1540-pharmacy-only-sdm-1195-86elmstreetsudburyonp3c1,sudbury,Shoppers Drug Mart 1195/1181/1540 (Pharmacy only)SDM 1195 |,"86 Elm Street, Sudbury, ON. P3C 1T2",Health,unknown,https://investsudbury.ca/why-sudbury/newcomers/rcipfcip/,html,2026-09-10T21:07:36.068Z,2026-09-10T21:07:36.068Z,active,FALSE,new,
sudbury|sk-power-drive-inc-1546oldfalcon,sudbury,SK Power Drive Inc.,1546 Old Falcon,Trades and Transport,unknown,https://investsudbury.ca/why-sudbury/newcomers/rcipfcip/,html,2026-09-10T21:07:36.068Z,2026-09-10T21:07:36.068Z,active,FALSE,new,
sudbury|sky-story-creative-73elmstgreatersudburyonp,sudbury,Sky Story Creative,"73 Elm St, Greater Sudbury, ON P3C 1R6","Business, Finance, and Administration",unknown,https://investsudbury.ca/why-sudbury/newcomers/rcipfcip/,html,2026-09-10T21:07:36.068Z,2026-09-10T21:07:36.068Z,active,FALSE,new,
sudbury|sofvie-inc-68mumfordroadlivelyontar,sudbury,Sofvie Inc,"68 Mumford Road, Lively, Ontario P3Y 1L2",Natural and Applied Sciences,unknown,https://investsudbury.ca/why-sudbury/newcomers/rcipfcip/,html,2026-09-10T21:07:36.068Z,2026-09-10T21:07:36.068Z,active,FALSE,new,
sudbury|southside-chevrolet-buick-gmc-dan-courville-chevrolet-ltd-2601regentstsudburyonp3e,sudbury,Southside Chevrolet Buick GMC – Dan Courville Chevrolet Ltd.,"2601 Regent St. Sudbury, ON P3E 6K6",Trades and Transport,unknown,https://investsudbury.ca/why-sudbury/newcomers/rcipfcip/,html,2026-09-10T21:07:36.068Z,2026-09-10T21:07:36.068Z,active,FALSE,new,
sudbury|sparks-employment-services-project-2544sudburyvocationalres,sudbury,Sparks Employment Services – Project,"25–44 Sudbury Vocational Resource Centre Inc.Suite 102-435 Notre Dame Avenue, Sudbury, Ontario P3C 5K6","Education, Social, Community, and Government Services",unknown,https://investsudbury.ca/why-sudbury/newcomers/rcipfcip/,html,2026-09-10T21:07:36.068Z,2026-09-10T21:07:36.068Z,active,FALSE,new,
sudbury|specialty-alloys-and-stainless-ltd-28mumforddrivelivelyonta,sudbury,Specialty Alloys and Stainless LTD.,"28 Mumford Drive Lively, Ontario Canada, P3Y 1L2",Trades and Transport,unknown,https://investsudbury.ca/why-sudbury/newcomers/rcipfcip/,html,2026-09-10T21:07:36.068Z,2026-09-10T21:07:36.068Z,active,FALSE,new,
sudbury|spectrum-telecom-group-ltd-505froodroadsudburyontar,sudbury,Spectrum Telecom Group Ltd,"505 Frood Road, Sudbury, Ontario P3C 5A2",Trades and Transport,unknown,https://investsudbury.ca/why-sudbury/newcomers/rcipfcip/,html,2026-09-10T21:07:36.068Z,2026-09-10T21:07:36.068Z,active,FALSE,new,
sudbury|speedy-auto-service-adarsh-automotive-inc-kingsway-830kingswaysudburyontari,sudbury,Speedy Auto Service – Adarsh Automotive Inc. (Kingsway),"830 Kingsway, Sudbury, Ontario P3B 2E5",Trades and Transport,unknown,https://investsudbury.ca/why-sudbury/newcomers/rcipfcip/,html,2026-09-10T21:07:36.068Z,2026-09-10T21:07:36.068Z,active,FALSE,new,
sudbury|st-joseph-s-continuing-care-centre-319lasalleboulevardsudbu,sudbury,St. Joseph's Continuing Care Centre,"319 Lasalle Boulevard, Sudbury, Ontario P3A 1W7",Health,unknown,https://investsudbury.ca/why-sudbury/newcomers/rcipfcip/,html,2026-09-10T21:07:36.068Z,2026-09-10T21:07:36.068Z,active,FALSE,new,
sudbury|st-joseph-s-health-centre-1140southbayroadsudburyo,sudbury,St. Joseph's Health Centre,"1140 South Bay Road, Sudbury, Ontario P3E 0B6",Health,unknown,https://investsudbury.ca/why-sudbury/newcomers/rcipfcip/,html,2026-09-10T21:07:36.068Z,2026-09-10T21:07:36.068Z,active,FALSE,new,
sudbury|st-joseph-s-villa-1250southbayroadsudburyo,sudbury,St. Joseph's Villa,"1250 South Bay Road, Sudbury, Ontario P3E 6L9",Health,unknown,https://investsudbury.ca/why-sudbury/newcomers/rcipfcip/,html,2026-09-10T21:07:36.068Z,2026-09-10T21:07:36.068Z,active,FALSE,new,
sudbury|steelnorth-fabricators-ltd-2913poolecourtvalcaronon,sudbury,Steelnorth Fabricators Ltd,"2913 Poole Court, Val Caron, Ontario P3N 1B2",Trades and Transport,unknown,https://investsudbury.ca/why-sudbury/newcomers/rcipfcip/,html,2026-09-10T21:07:36.068Z,2026-09-10T21:07:36.068Z,active,FALSE,new,
sudbury|studio-309-dental-dr-gordon-swatton-3092009longlakeroadsudbu,sudbury,Studio 309 Dental – Dr. Gordon Swatton,"309 - 2009 Long Lake Road, Sudbury, ON, P3E6C3",Health,unknown,https://investsudbury.ca/why-sudbury/newcomers/rcipfcip/,html,2026-09-10T21:07:36.068Z,2026-09-10T21:07:36.068Z,active,FALSE,new,
sudbury|sudbury-and-district-health-unit-public-health-sudbury-districts-1300parisstreetsudburyon,sudbury,Sudbury and District Health Unit – Public Health Sudbury & Districts,"1300 Paris Street, Sudbury, Ontario P3E 3A3",Health,unknown,https://investsudbury.ca/why-sudbury/newcomers/rcipfcip/,html,2026-09-10T21:07:36.068Z,2026-09-10T21:07:36.068Z,active,FALSE,new,
sudbury|sudbury-better-beginnings-better-futures-450morinavenuesudburyont,sudbury,Sudbury Better Beginnings Better Futures,"450 Morin Avenue, Sudbury, Ontario P3C 5H6","Education, Social, Community, and Government Services",unknown,https://investsudbury.ca/why-sudbury/newcomers/rcipfcip/,html,2026-09-10T21:07:36.068Z,2026-09-10T21:07:36.068Z,active,FALSE,new,
sudbury|sudbury-cardiology-centre-inc2140-regent-st-9-greater-sudbury-on-p3e-5s8-greatersudburyon,sudbury,"Sudbury Cardiology Centre Inc2140 Regent St #9, Greater Sudbury, ON P3E 5S8","Greater Sudbury, ON",Health,unknown,https://investsudbury.ca/why-sudbury/newcomers/rcipfcip/,html,2026-09-10T21:07:36.068Z,2026-09-10T21:07:36.068Z,active,FALSE,new,
sudbury|sudbury-christian-academy-sudbury-christian-schools-inc-1096dublinstsudburyonp3a,sudbury,Sudbury Christian Academy – Sudbury Christian Schools Inc.,"1096 Dublin St. Sudbury, ON P3A 1R6","Education, Social, Community, and Government Services",unknown,https://investsudbury.ca/why-sudbury/newcomers/rcipfcip/,html,2026-09-10T21:07:36.068Z,2026-09-10T21:07:36.068Z,active,FALSE,new,
sudbury|sudbury-community-service-centre-1166royavenuesudburyonta,sudbury,Sudbury Community Service Centre,"1166 Roy Avenue, Sudbury, Ontario P3A 3M6",Health,unknown,https://investsudbury.ca/why-sudbury/newcomers/rcipfcip/,html,2026-09-10T21:07:36.068Z,2026-09-10T21:07:36.068Z,active,FALSE,new,
sudbury|sudbury-dental-clinic-azim-casim-parekh-dentistry-1778regentstsudburyonp3e,sudbury,Sudbury Dental Clinic (Azim Casim Parekh Dentistry),"1778 Regent St. Sudbury, ON P3E 3Z8",Health,unknown,https://investsudbury.ca/why-sudbury/newcomers/rcipfcip/,html,2026-09-10T21:07:36.068Z,2026-09-10T21:07:36.068Z,active,FALSE,new,
sudbury|sudbury-developmental-services-245mountainstreetsudbury,sudbury,Sudbury Developmental Services,"245 Mountain Street, Sudbury, Ontario P3B 2T8","Education, Social, Community, and Government Services",unknown,https://investsudbury.ca/why-sudbury/newcomers/rcipfcip/,html,2026-09-10T21:07:36.068Z,2026-09-10T21:07:36.068Z,active,FALSE,new,
sudbury|sudbury-finnish-rest-home-society-233fourthavenuesudburyon,sudbury,Sudbury Finnish Rest Home Society,"233 Fourth Avenue, Sudbury, Ontario P3B 4C3",Health,unknown,https://investsudbury.ca/why-sudbury/newcomers/rcipfcip/,html,2026-09-10T21:07:36.068Z,2026-09-10T21:07:36.068Z,active,FALSE,new,
sudbury|sudbury-first-nations-church-571kathleenstreetsudbury,sudbury,Sudbury First Nations Church,"571 Kathleen Street, Sudbury, ON P3C 2N4","Education, Social, Community, and Government Services",unknown,https://investsudbury.ca/why-sudbury/newcomers/rcipfcip/,html,2026-09-10T21:07:36.068Z,2026-09-10T21:07:36.068Z,active,FALSE,new,
sudbury|sudbury-food-bank-1105webbwooddrivesudbury,sudbury,Sudbury Food Bank,"1105 Webbwood Drive, Sudbury, ON P3C 3B6","Education, Social, Community, and Government Services",unknown,https://investsudbury.ca/why-sudbury/newcomers/rcipfcip/,html,2026-09-10T21:07:36.068Z,2026-09-10T21:07:36.068Z,active,FALSE,new,
sudbury|sudbury-food-bank-banque-d-aliments-1105webbwooddrivesudbury,sudbury,Sudbury Food Bank – Banque d’aliments,"1105 Webbwood Drive, Sudbury, ON P3C 3B6","Education, Social, Community, and Government Services",not_hiring,https://investsudbury.ca/why-sudbury/newcomers/rcipfcip/,html,2026-09-10T21:07:36.068Z,2026-09-10T21:07:36.068Z,active,FALSE,new,Source marks employer as not hiring.
sudbury|sudbury-hyperbarics-and-wound-care-sudbury-hyperbaric-medicine-inc-b-12009longlakeroadsudbury,sudbury,Sudbury Hyperbarics and Wound Care – Sudbury Hyperbaric Medicine Inc.B,"1-2009 Long Lake Road, Sudbury, On P3E 6C3",Health,unknown,https://investsudbury.ca/why-sudbury/newcomers/rcipfcip/,html,2026-09-10T21:07:36.068Z,2026-09-10T21:07:36.068Z,active,FALSE,new,
sudbury|sudbury-hyundai-1120kingswaysudburyontar,sudbury,Sudbury Hyundai,"1120 Kingsway, Sudbury, Ontario P3B 2E5",Trades and Transport,unknown,https://investsudbury.ca/why-sudbury/newcomers/rcipfcip/,html,2026-09-10T21:07:36.068Z,2026-09-10T21:07:36.068Z,active,FALSE,new,
sudbury|sudbury-hyundai-garage-positions-only-1120kingswaysudburyontar,sudbury,Sudbury Hyundai (Garage positions only),"1120 Kingsway, Sudbury, Ontario P3B 2E5",Trades and Transport,unknown,https://investsudbury.ca/why-sudbury/newcomers/rcipfcip/,html,2026-09-10T21:07:36.068Z,2026-09-10T21:07:36.068Z,active,FALSE,new,
sudbury|sudbury-jubilee-heritage-daycare-189applegrovestreetsudbu,sudbury,Sudbury Jubilee Heritage Daycare,"189 Applegrove Street, Sudbury, ON P3C 1N4","Education, Social, Community, and Government Services",unknown,https://investsudbury.ca/why-sudbury/newcomers/rcipfcip/,html,2026-09-10T21:07:36.068Z,2026-09-10T21:07:36.068Z,active,FALSE,new,
sudbury|sudbury-service-center-2231lasalleboulevardsudb,sudbury,Sudbury Service Center,"2231 Lasalle Boulevard, Sudbury, ON P3A 2A9",Trades and Transport,unknown,https://investsudbury.ca/why-sudbury/newcomers/rcipfcip/,html,2026-09-10T21:07:36.068Z,2026-09-10T21:07:36.068Z,active,FALSE,new,
sudbury|sudbury-workers-education-and-advocacy-centre-109elmstreetsuite209sudb,sudbury,Sudbury Workers Education and Advocacy Centre,"109 Elm Street, Suite 209, Sudbury, Ontario, P3C 4E6","Education, Social, Community, and Government Services",unknown,https://investsudbury.ca/why-sudbury/newcomers/rcipfcip/,html,2026-09-10T21:07:36.068Z,2026-09-10T21:07:36.068Z,active,FALSE,new,
sudbury|sudbury-on-greatersudburyon,sudbury,"Sudbury, ON","Greater Sudbury, ON","Education, Social, Community, and Government Services",unknown,https://investsudbury.ca/why-sudbury/newcomers/rcipfcip/,html,2026-09-10T21:07:36.068Z,2026-09-10T21:07:36.068Z,active,FALSE,new,
sudbury|summit-human-services-sudbury-1425169ontariolimited157,sudbury,Summit Human Services Sudbury –,"1425169 ONTARIO LIMITED1579 Bellevue Street, Sudbury The Roman Catholic Episcopal Corporation For The Diocese of Sault Ste Marie in On","Education, Social, Community, and Government Services",unknown,https://investsudbury.ca/why-sudbury/newcomers/rcipfcip/,html,2026-09-10T21:07:36.068Z,2026-09-10T21:07:36.068Z,active,FALSE,new,
sudbury|superior-industrial-wheel-inc-2280longlakerdp3e5h4grea,sudbury,Superior Industrial Wheel Inc.,"2280 Long Lake Rd., P3E 5H4, Greater Sudbury, ON",Trades and Transport,unknown,https://investsudbury.ca/why-sudbury/newcomers/rcipfcip/,html,2026-09-10T21:07:36.068Z,2026-09-10T21:07:36.068Z,active,FALSE,new,
sudbury|talos-steel-limited-199mumfordroadlivelyonp3,sudbury,Talos Steel Limited,"199 Mumford Road, Lively, ON P3Y 1L2",Trades and Transport,unknown,https://investsudbury.ca/why-sudbury/newcomers/rcipfcip/,html,2026-09-10T21:07:36.068Z,2026-09-10T21:07:36.068Z,active,FALSE,new,
sudbury|teranorth-construction-engineering-limited-799luomaroadsudburyonp3g,sudbury,Teranorth Construction & Engineering Limited,"799 Luoma Road, Sudbury, On P3G 1J4",Trades and Transport,unknown,https://investsudbury.ca/why-sudbury/newcomers/rcipfcip/,html,2026-09-10T21:07:36.068Z,2026-09-10T21:07:36.068Z,active,FALSE,new,
sudbury|tesc-contracting-company-ltd-874lapointestreetsudbury,sudbury,TESC Contracting Company Ltd,"874 Lapointe Street, Sudbury, Ontario P3A 5N8",Trades and Transport,unknown,https://investsudbury.ca/why-sudbury/newcomers/rcipfcip/,html,2026-09-10T21:07:36.068Z,2026-09-10T21:07:36.068Z,active,FALSE,new,
sudbury|testmark-laboratories-ltd-7margaretstreetgarsononp,sudbury,Testmark Laboratories Ltd,"7 Margaret Street, Garson, ON P3L 1E1",Natural Resources and Agriculture,unknown,https://investsudbury.ca/why-sudbury/newcomers/rcipfcip/,html,2026-09-10T21:07:36.068Z,2026-09-10T21:07:36.068Z,active,FALSE,new,
sudbury|the-amberwood-suites-gp-inc-regent-street-1385regentstreetsouthsud,sudbury,The Amberwood Suites GP Inc (Regent Street),"1385 Regent Street, South, Sudbury, P3E 3Z1",Health,unknown,https://investsudbury.ca/why-sudbury/newcomers/rcipfcip/,html,2026-09-10T21:07:36.068Z,2026-09-10T21:07:36.068Z,active,FALSE,new,
sudbury|the-renovation-king-8thirdavenuelevackontari,sudbury,The Renovation King,"8 Third Avenue, Levack, Ontario P0M 2C0",Trades and Transport,unknown,https://investsudbury.ca/why-sudbury/newcomers/rcipfcip/,html,2026-09-10T21:07:36.068Z,2026-09-10T21:07:36.068Z,active,FALSE,new,
sudbury|the-salvation-army-the-governing-council-of-the-salvation-army-in-canada-107lornestreetsudburyp3c,sudbury,The Salvation Army – The Governing Council of The Salvation Army in Canada,"107 Lorne Street, Sudbury, P3C 4P3","Education, Social, Community, and Government Services",unknown,https://investsudbury.ca/why-sudbury/newcomers/rcipfcip/,html,2026-09-10T21:07:36.068Z,2026-09-10T21:07:36.068Z,active,FALSE,new,
sudbury|the-walford-on-the-park-38godfreydrivecopperclif,sudbury,The Walford on the Park,"38 Godfrey Drive , Copper Cliff, Ontario P0M1N0",Health,unknown,https://investsudbury.ca/why-sudbury/newcomers/rcipfcip/,html,2026-09-10T21:07:36.068Z,2026-09-10T21:07:36.068Z,active,FALSE,new,
sudbury|the-walford-sudbury-99walfordroadsudburyonta,sudbury,The Walford Sudbury,"99 Walford Road, Sudbury, Ontario P3E 6k3",Health,unknown,https://investsudbury.ca/why-sudbury/newcomers/rcipfcip/,html,2026-09-10T21:07:36.068Z,2026-09-10T21:07:36.068Z,active,FALSE,new,
sudbury|top-steel-corporation-toprops-2837belisledrivevalcaron,sudbury,Top Steel Corporation/Toprops,"2837 Belisle Drive, Val Caron ON P3N 1B3",Trades and Transport,unknown,https://investsudbury.ca/why-sudbury/newcomers/rcipfcip/,html,2026-09-10T21:07:36.068Z,2026-09-10T21:07:36.068Z,active,FALSE,new,
sudbury|toromont-cat-toromont-industries-ltdwalden-industrial-park-25mumfordroadlivelyontar,sudbury,"Toromont Cat – Toromont Industries LtdWalden Industrial Park,","25 Mumford Road, Lively, Ontario P3Y 1K9",Trades and Transport,unknown,https://investsudbury.ca/why-sudbury/newcomers/rcipfcip/,html,2026-09-10T21:07:36.068Z,2026-09-10T21:07:36.068Z,active,FALSE,new,
sudbury|trillium-residential-services-inc-135garsonconistonroadsud,sudbury,Trillium Residential Services Inc.,"135 Garson Coniston Road, Sudbury, Ontario P3L 1G5","Education, Social, Community, and Government Services",unknown,https://investsudbury.ca/why-sudbury/newcomers/rcipfcip/,html,2026-09-10T21:07:36.068Z,2026-09-10T21:07:36.068Z,active,FALSE,new,
sudbury|tulloch-engineering-inc-131fieldingroadlivelyont,sudbury,Tulloch Engineering Inc,"131 Fielding Road, Lively, Ontario P3Y 1L7",Natural and Applied Sciences,not_hiring,https://investsudbury.ca/why-sudbury/newcomers/rcipfcip/,html,2026-09-10T21:07:36.068Z,2026-09-10T21:07:36.068Z,active,FALSE,new,Source marks employer as not hiring.
sudbury|united-rentals-of-canada-inc-trades-only-1050kellylakerdsudburyon,sudbury,"United Rentals of Canada, Inc. (Trades only)","1050 KELLY LAKE RD, SUDBURY, ON, CAN P3E 5P4",Trades and Transport,unknown,https://investsudbury.ca/why-sudbury/newcomers/rcipfcip/,html,2026-09-10T21:07:36.068Z,2026-09-10T21:07:36.068Z,active,FALSE,new,
sudbury|unmanned-aerial-services-inc-uas-inc-151pinestreetsudburyonta,sudbury,Unmanned Aerial Services Inc – UAS Inc,"151 Pine Street, Sudbury, Ontario P3C 1X2",Natural and Applied Sciences,unknown,https://investsudbury.ca/why-sudbury/newcomers/rcipfcip/,html,2026-09-10T21:07:36.068Z,2026-09-10T21:07:36.068Z,active,FALSE,new,
sudbury|vale-canada-limited-18rinkstcoppercliffonp0m,sudbury,Vale Canada Limited,"18 Rink St, Copper Cliff ON P0M 1N0",Natural Resources and Agriculture,unknown,https://investsudbury.ca/why-sudbury/newcomers/rcipfcip/,html,2026-09-10T21:07:36.068Z,2026-09-10T21:07:36.068Z,active,FALSE,new,
sudbury|vale-technology-development-canada-limited-337powerstreetcopperclif,sudbury,Vale Technology Development (Canada) Limited,"337 Power Street, Copper Cliff, Ontario, P0M 1N0",Natural Resources and Agriculture,unknown,https://investsudbury.ca/why-sudbury/newcomers/rcipfcip/,html,2026-09-10T21:07:36.068Z,2026-09-10T21:07:36.068Z,active,FALSE,new,
sudbury|valley-growers-inc-2960martinroadblezardval,sudbury,Valley Growers Inc.,"2960 Martin Road, Blezard Valley ON P0M 1L0",Natural Resources and Agriculture,unknown,https://investsudbury.ca/why-sudbury/newcomers/rcipfcip/,html,2026-09-10T21:07:36.068Z,2026-09-10T21:07:36.068Z,active,FALSE,new,
sudbury|varis-mine-technology-ltd-122dellstunitasudburyonp,sudbury,Varis Mine Technology Ltd.,"122 Dell St, Unit A, Sudbury, ON P3c 2Y1",Natural and Applied Sciences,unknown,https://investsudbury.ca/why-sudbury/newcomers/rcipfcip/,html,2026-09-10T21:07:36.068Z,2026-09-10T21:07:36.068Z,active,FALSE,new,
sudbury|velco-machining-sudbury-ltd-1275kellylakerdunit7sudb,sudbury,Velco Machining (Sudbury) Ltd.,"1275 Kelly Lake Rd, Unit 7, Sudbury ON, P3E 5P5",Trades and Transport,unknown,https://investsudbury.ca/why-sudbury/newcomers/rcipfcip/,html,2026-09-10T21:07:36.068Z,2026-09-10T21:07:36.068Z,active,FALSE,new,
sudbury|viacore-solutions-inc-777martindaleroadsudbury,sudbury,Viacore Solutions Inc,"777 Martindale Road, Sudbury, ON P3E 4H6",Trades and Transport,unknown,https://investsudbury.ca/why-sudbury/newcomers/rcipfcip/,html,2026-09-10T21:07:36.068Z,2026-09-10T21:07:36.068Z,active,FALSE,new,
sudbury|vianet-128larchstreetsudburyont,sudbury,Vianet,128 Larch Street Sudbury Ontario P3E 5J8,Natural and Applied Sciences,unknown,https://investsudbury.ca/why-sudbury/newcomers/rcipfcip/,html,2026-09-10T21:07:36.068Z,2026-09-10T21:07:36.068Z,active,FALSE,new,
sudbury|victorian-order-of-nurses-von-2140regentstreetsudburyo,sudbury,Victorian Order of Nurses (VON),"2140 Regent Street, Sudbury, On P3E 5S8","Education, Social, Community, and Government Services",unknown,https://investsudbury.ca/why-sudbury/newcomers/rcipfcip/,html,2026-09-10T21:07:36.068Z,2026-09-10T21:07:36.068Z,active,FALSE,new,
sudbury|victory-lube-2037longlakeroadsudburyo,sudbury,Victory Lube,"2037 Long Lake Road, Sudbury, ON P3E 6J9",Trades and Transport,unknown,https://investsudbury.ca/why-sudbury/newcomers/rcipfcip/,html,2026-09-10T21:07:36.068Z,2026-09-10T21:07:36.068Z,active,FALSE,new,
sudbury|victory-lube-bellevue-1325bellevueavenuesudbur,sudbury,Victory Lube (Bellevue),"1325 Bellevue Avenue, Sudbury, Ontario P3B 3G1",Trades and Transport,unknown,https://investsudbury.ca/why-sudbury/newcomers/rcipfcip/,html,2026-09-10T21:07:36.068Z,2026-09-10T21:07:36.068Z,active,FALSE,new,
sudbury|villa-st-gabriel-villa4690-muncipal-road-15-rr-4-chelmsford-ontario-p0m-1l0-greatersudburyon,sudbury,"Villa St Gabriel Villa4690 Muncipal Road 15, RR #4, Chelmsford, Ontario P0M 1L0","Greater Sudbury, ON",Health,unknown,https://investsudbury.ca/why-sudbury/newcomers/rcipfcip/,html,2026-09-10T21:07:36.068Z,2026-09-10T21:07:36.068Z,active,FALSE,new,
sudbury|waabnoong-bemjiwang-association-of-first-nations-251regentstsudburyontari,sudbury,Waabnoong Bemjiwang Association of First Nations,"251 Regent St, Sudbury, Ontario and 25 West Rd, Pickerel, ON","Education, Social, Community, and Government Services",unknown,https://investsudbury.ca/why-sudbury/newcomers/rcipfcip/,html,2026-09-10T21:07:36.068Z,2026-09-10T21:07:36.068Z,active,FALSE,new,
sudbury|walden-day-care-centre-515niemiroadlivelyontari,sudbury,Walden Day Care Centre,"515 Niemi Road, Lively, Ontario P3Y 1G4","Education, Social, Community, and Government Services",unknown,https://investsudbury.ca/why-sudbury/newcomers/rcipfcip/,html,2026-09-10T21:07:36.068Z,2026-09-10T21:07:36.068Z,active,FALSE,new,
sudbury|walden-electrical-ltd-106fieldingrdlivelyonp3y,sudbury,Walden Electrical Ltd.,"106 Fielding Rd., Lively, ON P3Y 1L5",Trades and Transport,unknown,https://investsudbury.ca/why-sudbury/newcomers/rcipfcip/,html,2026-09-10T21:07:36.068Z,2026-09-10T21:07:36.068Z,active,FALSE,new,
sudbury|walden-t-t-repair-ltd-monarc-hr-75mumfordroadlivelyontar,sudbury,Walden T&T Repair Ltd – Monarc Hr,"75 Mumford Road, Lively, Ontario P3Y 1L1",Trades and Transport,unknown,https://investsudbury.ca/why-sudbury/newcomers/rcipfcip/,html,2026-09-10T21:07:36.068Z,2026-09-10T21:07:36.068Z,active,FALSE,new,
sudbury|walden-universal-dental-dr-binh-nguyen-dentistry-professional-corporation-2blacklakerdlivelyonp3y1,sudbury,Walden Universal Dental – Dr. Binh Nguyen Dentistry Professional Corporation,"2 Black Lake Rd, Lively, ON, P3Y 1C6",Health,unknown,https://investsudbury.ca/why-sudbury/newcomers/rcipfcip/,html,2026-09-10T21:07:36.068Z,2026-09-10T21:07:36.068Z,active,FALSE,new,
sudbury|waste-management-of-canada-corporation-1865lasalleblvdsudburyon,sudbury,Waste Management of Canada Corporation,"1865 LASALLE BLVD SUDBURY, ON, P3A4R8",Trades and Transport,unknown,https://investsudbury.ca/why-sudbury/newcomers/rcipfcip/,html,2026-09-10T21:07:36.068Z,2026-09-10T21:07:36.068Z,active,FALSE,new,
sudbury|wat-supplies-trades-area-only-80nationalstreetgarsonon,sudbury,WAT Supplies (Trades Area Only),"80 National Street, Garson, Ontario P3L 1M5",Trades and Transport,unknown,https://investsudbury.ca/why-sudbury/newcomers/rcipfcip/,html,2026-09-10T21:07:36.068Z,2026-09-10T21:07:36.068Z,active,FALSE,new,
sudbury|watershed-144ltdhighway144andhighw,sudbury,Watershed,"144 LtdHighway 144 and Highway 560, Gogama, Ont. P0M1W0",Trades and Transport,unknown,https://investsudbury.ca/why-sudbury/newcomers/rcipfcip/,html,2026-09-10T21:07:36.068Z,2026-09-10T21:07:36.068Z,active,FALSE,new,
sudbury|wctr-college-northern-welding-academy-5949hwy69nhanmeronp3p1t1,sudbury,WCTR College – Northern Welding Academy,"5949 Hwy 69 N, Hanmer, ON P3P 1T1","Education, Social, Community, and Government Services",unknown,https://investsudbury.ca/why-sudbury/newcomers/rcipfcip/,html,2026-09-10T21:07:36.068Z,2026-09-10T21:07:36.068Z,active,FALSE,new,
sudbury|white-metal-sandblasting-and-industrial-painting-limited-2737whitestreetvalcarono,sudbury,White Metal Sandblasting and Industrial Painting Limited,"2737 White Street, Val Caron, ON P3N 1B2",Trades and Transport,unknown,https://investsudbury.ca/why-sudbury/newcomers/rcipfcip/,html,2026-09-10T21:07:36.068Z,2026-09-10T21:07:36.068Z,active,FALSE,new,
sudbury|wright-air-systems-ltd-834on64frenchriverontari,sudbury,Wright Air Systems Ltd,"834 ON-64. French River, Ontario P0M 1A0",Trades and Transport,unknown,https://investsudbury.ca/why-sudbury/newcomers/rcipfcip/,html,2026-09-10T21:07:36.068Z,2026-09-10T21:07:36.068Z,active,FALSE,new,
sudbury|wsp-canada-inc-33mackenziestreetsudbury,sudbury,WSP Canada Inc.,"33 Mackenzie Street Sudbury, Ontario, P3C 4Y1",Natural and Applied Sciences,unknown,https://investsudbury.ca/why-sudbury/newcomers/rcipfcip/,html,2026-09-10T21:07:36.068Z,2026-09-10T21:07:36.068Z,active,FALSE,new,
sudbury|ymca-of-northeastern-ontario-140durhamstreetsudburyon,sudbury,YMCA of Northeastern Ontario,"140 Durham Street, Sudbury, ON P3E 3M7","Education, Social, Community, and Government Services",unknown,https://investsudbury.ca/why-sudbury/newcomers/rcipfcip/,html,2026-09-10T21:07:36.068Z,2026-09-10T21:07:36.068Z,active,FALSE,new,
