record_id,community_id,employer_name,locations,sector,recruiting_status,source_url,source_type,first_seen_at,last_seen_at,status,manual_override,review_status,notes
thunder-bay|1852075-ontario-inc-nook-1271baystthunderbay,thunder-bay,(1852075 Ontario Inc.)- Nook,1-271 Bay St. Thunder Bay,,unknown,https://gotothunderbay.ca/wp-content/uploads/2026/08/As-of-August-13-2026.pdf,pdf,2026-09-10T20:55:54.670Z,2026-09-10T20:55:54.670Z,active,FALSE,new,Source list updated: June 29 2026 | Source PDF marks some employers in red as not hiring (colour not available in text extract).
thunder-bay|1000024408-ontario-ltd-the-tilted-turrent-135archibaldstnthunderba,thunder-bay,1000024408 Ontario LTD - The Tilted Turrent,"135 Archibald St N, Thunder Bay",,unknown,https://gotothunderbay.ca/wp-content/uploads/2026/08/As-of-August-13-2026.pdf,pdf,2026-09-10T20:55:54.670Z,2026-09-10T20:55:54.670Z,active,FALSE,new,Source list updated: June 29 2026 | Source PDF marks some employers in red as not hiring (colour not available in text extract).
thunder-bay|1000455057-ontario-inc-noodle-bowl-2624victoriaaveethunderb,thunder-bay,1000455057 Ontario Inc. - Noodle Bowl,"2624 Victoria Ave E, Thunder Bay",,unknown,https://gotothunderbay.ca/wp-content/uploads/2026/08/As-of-August-13-2026.pdf,pdf,2026-09-10T20:55:54.670Z,2026-09-10T20:55:54.670Z,active,FALSE,new,Source list updated: June 29 2026 | Source PDF marks some employers in red as not hiring (colour not available in text extract).
thunder-bay|1001146802-ontario-inc-true-north-general-contracting-103jamesststhunderbay,thunder-bay,1001146802 ONTARIO INC.- True North General Contracting,103 James St. S. Thunder Bay,,unknown,https://gotothunderbay.ca/wp-content/uploads/2026/08/As-of-August-13-2026.pdf,pdf,2026-09-10T20:55:54.670Z,2026-09-10T20:55:54.670Z,active,FALSE,new,Source list updated: June 29 2026 | Source PDF marks some employers in red as not hiring (colour not available in text extract).
thunder-bay|1164309-ontario-ltd-furniture-recycle-133hardistystnthunderbay,thunder-bay,1164309 Ontario LTD- Furniture Recycle,"133 Hardisty St N, Thunder Bay",,unknown,https://gotothunderbay.ca/wp-content/uploads/2026/08/As-of-August-13-2026.pdf,pdf,2026-09-10T20:55:54.670Z,2026-09-10T20:55:54.670Z,active,FALSE,new,Source list updated: June 29 2026 | Source PDF marks some employers in red as not hiring (colour not available in text extract).
thunder-bay|1164354-ontario-inc-end-of-the-roll-600squierstthunderbay,thunder-bay,1164354 Ontario Inc- End of the Roll,"600 Squier St, Thunder Bay",,unknown,https://gotothunderbay.ca/wp-content/uploads/2026/08/As-of-August-13-2026.pdf,pdf,2026-09-10T20:55:54.670Z,2026-09-10T20:55:54.670Z,active,FALSE,new,Source list updated: June 29 2026 | Source PDF marks some employers in red as not hiring (colour not available in text extract).
thunder-bay|1191070-ontario-ltd-rfl-holdings-102centennialsqthunderba,thunder-bay,1191070 Ontario Ltd- RFL Holdings,102 Centennial Sq Thunder Bay,,unknown,https://gotothunderbay.ca/wp-content/uploads/2026/08/As-of-August-13-2026.pdf,pdf,2026-09-10T20:55:54.670Z,2026-09-10T20:55:54.670Z,active,FALSE,new,Source list updated: June 29 2026 | Source PDF marks some employers in red as not hiring (colour not available in text extract).
thunder-bay|123dentist-inc-current-river-family-dental-901redriverroadunit3thun,thunder-bay,123Dentist Inc.- Current River Family Dental,"901 Red River Road, Unit 3, Thunder Bay",,unknown,https://gotothunderbay.ca/wp-content/uploads/2026/08/As-of-August-13-2026.pdf,pdf,2026-09-10T20:55:54.670Z,2026-09-10T20:55:54.670Z,active,FALSE,new,Source list updated: June 29 2026 | Source PDF marks some employers in red as not hiring (colour not available in text extract).
thunder-bay|123dentist-northwood-family-dental-2606victoriaaveethunderb,thunder-bay,123Dentist- Northwood Family Dental,"2606 Victoria Ave E, Thunder Bay",,unknown,https://gotothunderbay.ca/wp-content/uploads/2026/08/As-of-August-13-2026.pdf,pdf,2026-09-10T20:55:54.670Z,2026-09-10T20:55:54.670Z,active,FALSE,new,Source list updated: June 29 2026 | Source PDF marks some employers in red as not hiring (colour not available in text extract).
thunder-bay|123dentist-oasis-family-dental-501edwardstreetnthunderb,thunder-bay,123dentist.- Oasis Family Dental,"501 EDWARD STREET N, Thunder Bay",,unknown,https://gotothunderbay.ca/wp-content/uploads/2026/08/As-of-August-13-2026.pdf,pdf,2026-09-10T20:55:54.670Z,2026-09-10T20:55:54.670Z,active,FALSE,new,Source list updated: June 29 2026 | Source PDF marks some employers in red as not hiring (colour not available in text extract).
thunder-bay|1304914-ontario-inc-joey-s-only-seafood-unit140a595westarthurstt,thunder-bay,1304914 ONTARIO INC- Joey's Only Seafood,"Unit 140A, 595 west Arthur st, Thunder Bay 13428290 Canada Inc- Superior Shores Hotel By Best Western/",,unknown,https://gotothunderbay.ca/wp-content/uploads/2026/08/As-of-August-13-2026.pdf,pdf,2026-09-10T20:55:54.670Z,2026-09-10T20:55:54.670Z,active,FALSE,new,Source list updated: June 29 2026 | Source PDF marks some employers in red as not hiring (colour not available in text extract).
thunder-bay|quality-inn-suites-thunder-bay-downtown-61cumberlandstreetnthund,thunder-bay,Quality Inn & Suites Thunder Bay Downtown,"61 Cumberland Street N, Thunder Bay",,unknown,https://gotothunderbay.ca/wp-content/uploads/2026/08/As-of-August-13-2026.pdf,pdf,2026-09-10T20:55:54.670Z,2026-09-10T20:55:54.670Z,active,FALSE,new,Source list updated: June 29 2026 | Source PDF marks some employers in red as not hiring (colour not available in text extract).
thunder-bay|1383781-ontario-limited-madhouse-grill-295baystreetthunderbay14,thunder-bay,1383781 Ontario Limited- Madhouse Grill,"295 Bay Street, Thunder Bay 14194047 CANADA INC.- E.S.S.H.A’S THREADING & BEAUTY",,unknown,https://gotothunderbay.ca/wp-content/uploads/2026/08/As-of-August-13-2026.pdf,pdf,2026-09-10T20:55:54.670Z,2026-09-10T20:55:54.670Z,active,FALSE,new,Source list updated: June 29 2026 | Source PDF marks some employers in red as not hiring (colour not available in text extract).
thunder-bay|studio-2620victoriaavenueeastth,thunder-bay,STUDIO,"2620 Victoria Avenue East ,Thunder Bay",,unknown,https://gotothunderbay.ca/wp-content/uploads/2026/08/As-of-August-13-2026.pdf,pdf,2026-09-10T20:55:54.670Z,2026-09-10T20:55:54.670Z,active,FALSE,new,Source list updated: June 29 2026 | Source PDF marks some employers in red as not hiring (colour not available in text extract).
thunder-bay|1526404-ontario-limited-bakeshop-shaw-bakeshop-1181golflinksrdthunderba,thunder-bay,1526404 Ontario Limited - Bakeshop (Shaw Bakeshop),"1181 Golf Links Rd, Thunder Bay",,unknown,https://gotothunderbay.ca/wp-content/uploads/2026/08/As-of-August-13-2026.pdf,pdf,2026-09-10T20:55:54.670Z,2026-09-10T20:55:54.670Z,active,FALSE,new,Source list updated: June 29 2026 | Source PDF marks some employers in red as not hiring (colour not available in text extract).
thunder-bay|16085776-canada-inc-exotic-indian-eats-229pearlstthunderbay,thunder-bay,16085776 Canada Inc. -Exotic Indian Eats,"229 Pearl St, Thunder Bay",,unknown,https://gotothunderbay.ca/wp-content/uploads/2026/08/As-of-August-13-2026.pdf,pdf,2026-09-10T20:55:54.670Z,2026-09-10T20:55:54.670Z,active,FALSE,new,Source list updated: June 29 2026 | Source PDF marks some employers in red as not hiring (colour not available in text extract).
thunder-bay|1670726-ontario-inc-lot-66-66southcourtstreetthunde,thunder-bay,1670726 ONTARIO INC.- Lot 66,"66 South Court Street, Thunder Bay",,unknown,https://gotothunderbay.ca/wp-content/uploads/2026/08/As-of-August-13-2026.pdf,pdf,2026-09-10T20:55:54.670Z,2026-09-10T20:55:54.670Z,active,FALSE,new,Source list updated: June 29 2026 | Source PDF marks some employers in red as not hiring (colour not available in text extract).
thunder-bay|1670729-ontario-inc-the-power-centre-740arthurstreetwestthund,thunder-bay,1670729 Ontario Inc - The Power Centre,"740 Arthur Street West, Thunder Bay",,unknown,https://gotothunderbay.ca/wp-content/uploads/2026/08/As-of-August-13-2026.pdf,pdf,2026-09-10T20:55:54.670Z,2026-09-10T20:55:54.670Z,active,FALSE,new,Source list updated: June 29 2026 | Source PDF marks some employers in red as not hiring (colour not available in text extract).
thunder-bay|1752581-ontario-limited-impact-promotions-1008victoriaaveeastthund,thunder-bay,1752581 Ontario Limited- Impact Promotions,"1008 Victoria Ave East, Thunder Bay",,unknown,https://gotothunderbay.ca/wp-content/uploads/2026/08/As-of-August-13-2026.pdf,pdf,2026-09-10T20:55:54.670Z,2026-09-10T20:55:54.670Z,active,FALSE,new,Source list updated: June 29 2026 | Source PDF marks some employers in red as not hiring (colour not available in text extract).
thunder-bay|1776603-ontario-inc-holiday-inn-express-1041carrickstreetthunder,thunder-bay,1776603 Ontario Inc- Holiday Inn Express,"1041 Carrick Street, Thunder Bay",,unknown,https://gotothunderbay.ca/wp-content/uploads/2026/08/As-of-August-13-2026.pdf,pdf,2026-09-10T20:55:54.670Z,2026-09-10T20:55:54.670Z,active,FALSE,new,Source list updated: June 29 2026 | Source PDF marks some employers in red as not hiring (colour not available in text extract).
thunder-bay|1778769-ontario-inc-strasser-lang-675haroldcresthunderbay,thunder-bay,1778769 ONTARIO INC - Strasser & Lang,675 Harold Cres Thunder Bay,,unknown,https://gotothunderbay.ca/wp-content/uploads/2026/08/As-of-August-13-2026.pdf,pdf,2026-09-10T20:55:54.670Z,2026-09-10T20:55:54.670Z,active,FALSE,new,Source list updated: June 29 2026 | Source PDF marks some employers in red as not hiring (colour not available in text extract).
thunder-bay|1876118-ontario-ltd-makkinga-contracting-570squierplacethunderbay,thunder-bay,1876118 Ontario Ltd- Makkinga Contracting,"570 Squier Place, Thunder Bay",,unknown,https://gotothunderbay.ca/wp-content/uploads/2026/08/As-of-August-13-2026.pdf,pdf,2026-09-10T20:55:54.670Z,2026-09-10T20:55:54.670Z,active,FALSE,new,Source list updated: June 29 2026 | Source PDF marks some employers in red as not hiring (colour not available in text extract).
thunder-bay|1902037-ontario-ltd-fort-william-curling-club-kitchen-218vickersstnthunderbay,thunder-bay,1902037 Ontario Ltd.- Fort William Curling Club Kitchen,"218 Vickers St N, Thunder Bay",,unknown,https://gotothunderbay.ca/wp-content/uploads/2026/08/As-of-August-13-2026.pdf,pdf,2026-09-10T20:55:54.670Z,2026-09-10T20:55:54.670Z,active,FALSE,new,Source list updated: June 29 2026 | Source PDF marks some employers in red as not hiring (colour not available in text extract).
thunder-bay|1928147-ontario-inc-crown-birch-825fortwilliamrdthunderb,thunder-bay,1928147 Ontario Inc.- Crown & Birch,"825 Fort William Rd, Thunder Bay",,unknown,https://gotothunderbay.ca/wp-content/uploads/2026/08/As-of-August-13-2026.pdf,pdf,2026-09-10T20:55:54.670Z,2026-09-10T20:55:54.670Z,active,FALSE,new,Source list updated: June 29 2026 | Source PDF marks some employers in red as not hiring (colour not available in text extract).
thunder-bay|1northwest-security-services-inc-105maystreetnsuite217thu,thunder-bay,1Northwest Security Services Inc,"105 May Street N, Suite 217 Thunder Bay",,unknown,https://gotothunderbay.ca/wp-content/uploads/2026/08/As-of-August-13-2026.pdf,pdf,2026-09-10T20:55:54.670Z,2026-09-10T20:55:54.670Z,active,FALSE,new,Source list updated: June 29 2026 | Source PDF marks some employers in red as not hiring (colour not available in text extract).
thunder-bay|2080061-ontario-inc-skycare-air-ambulance-304hectordougallwaythund,thunder-bay,2080061 Ontario Inc.- SkyCare Air Ambulance,"304 Hector Dougall Way, Thunder Bay",,unknown,https://gotothunderbay.ca/wp-content/uploads/2026/08/As-of-August-13-2026.pdf,pdf,2026-09-10T20:55:54.670Z,2026-09-10T20:55:54.670Z,active,FALSE,new,Source list updated: June 29 2026 | Source PDF marks some employers in red as not hiring (colour not available in text extract).
thunder-bay|2269135-ontario-inc-wackys-eat-drink-game-on-540highstreetsthunderbay,thunder-bay,2269135 Ontario Inc. - Wackys Eat Drink Game On,"540 High Street S, Thunder Bay",,unknown,https://gotothunderbay.ca/wp-content/uploads/2026/08/As-of-August-13-2026.pdf,pdf,2026-09-10T20:55:54.670Z,2026-09-10T20:55:54.670Z,active,FALSE,new,Source list updated: June 29 2026 | Source PDF marks some employers in red as not hiring (colour not available in text extract).
thunder-bay|2342555-ontario-inc-nurse-next-door-250algomastreetsouththun,thunder-bay,2342555 Ontario Inc. Nurse Next Door,"250 Algoma Street South, Thunder Bay",,unknown,https://gotothunderbay.ca/wp-content/uploads/2026/08/As-of-August-13-2026.pdf,pdf,2026-09-10T20:55:54.670Z,2026-09-10T20:55:54.670Z,active,FALSE,new,Source list updated: June 29 2026 | Source PDF marks some employers in red as not hiring (colour not available in text extract).
thunder-bay|2528689-ontario-inc-half-way-motors-power-sports-1230carrickstunitathunde,thunder-bay,2528689 Ontario Inc.- Half-Way Motors Power Sports,"1230 Carrick St. Unit A, Thunder Bay",,unknown,https://gotothunderbay.ca/wp-content/uploads/2026/08/As-of-August-13-2026.pdf,pdf,2026-09-10T20:55:54.670Z,2026-09-10T20:55:54.670Z,active,FALSE,new,Source list updated: June 29 2026 | Source PDF marks some employers in red as not hiring (colour not available in text extract).
thunder-bay|2666375-ontario-limited-relax-motel-387cumberlandstreetnthun,thunder-bay,2666375 Ontario Limited- Relax Motel,"387 Cumberland Street N, Thunder Bay 2782588- Terralux General Contractors and Development Limited 820 Gordon Street, Thunder Bay",,unknown,https://gotothunderbay.ca/wp-content/uploads/2026/08/As-of-August-13-2026.pdf,pdf,2026-09-10T20:55:54.670Z,2026-09-10T20:55:54.670Z,active,FALSE,new,Source list updated: June 29 2026 | Source PDF marks some employers in red as not hiring (colour not available in text extract).
thunder-bay|2853345-ontario-inc-osaka-sushi-801centralavethunderbay,thunder-bay,2853345 Ontario Inc- Osaka Sushi,"801 Central Ave, Thunder Bay",,unknown,https://gotothunderbay.ca/wp-content/uploads/2026/08/As-of-August-13-2026.pdf,pdf,2026-09-10T20:55:54.670Z,2026-09-10T20:55:54.670Z,active,FALSE,new,Source list updated: June 29 2026 | Source PDF marks some employers in red as not hiring (colour not available in text extract).
thunder-bay|2854931-ontario-inc-mobilecare-1000fortwilliamrdunit52b,thunder-bay,2854931 Ontario Inc. - Mobilecare,"1000 Fort William Rd, Unit 52B, P7B 6B9, Thunder Bay",,unknown,https://gotothunderbay.ca/wp-content/uploads/2026/08/As-of-August-13-2026.pdf,pdf,2026-09-10T20:55:54.670Z,2026-09-10T20:55:54.670Z,active,FALSE,new,Source list updated: June 29 2026 | Source PDF marks some employers in red as not hiring (colour not available in text extract).
thunder-bay|366956-ontario-ltd-garden-lake-timber-433highway527shuniah,thunder-bay,366956 Ontario Ltd.- Garden Lake Timber,433 HIGHWAY 527 Shuniah,,unknown,https://gotothunderbay.ca/wp-content/uploads/2026/08/As-of-August-13-2026.pdf,pdf,2026-09-10T20:55:54.670Z,2026-09-10T20:55:54.670Z,active,FALSE,new,Source list updated: June 29 2026 | Source PDF marks some employers in red as not hiring (colour not available in text extract).
thunder-bay|587435-ontario-inc-drd-construction-517nhardistystreetthunde,thunder-bay,587435 Ontario Inc.- DRD Construction,"517 N. Hardisty Street, Thunder Bay",,unknown,https://gotothunderbay.ca/wp-content/uploads/2026/08/As-of-August-13-2026.pdf,pdf,2026-09-10T20:55:54.670Z,2026-09-10T20:55:54.670Z,active,FALSE,new,Source list updated: June 29 2026 | Source PDF marks some employers in red as not hiring (colour not available in text extract).
thunder-bay|a1-concrete-inc-1199russellstreet,thunder-bay,A1 Concrete Inc.,1199 Russell Street,,unknown,https://gotothunderbay.ca/wp-content/uploads/2026/08/As-of-August-13-2026.pdf,pdf,2026-09-10T20:55:54.670Z,2026-09-10T20:55:54.670Z,active,FALSE,new,Source list updated: June 29 2026 | Source PDF marks some employers in red as not hiring (colour not available in text extract).
thunder-bay|aarons-sales-and-leasing-ncr-leasing-1174rolandstreetthunderb,thunder-bay,Aarons Sales and Leasing (NCR Leasing),"1174 Roland Street, Thunder Bay",,unknown,https://gotothunderbay.ca/wp-content/uploads/2026/08/As-of-August-13-2026.pdf,pdf,2026-09-10T20:55:54.670Z,2026-09-10T20:55:54.670Z,active,FALSE,new,Source list updated: June 29 2026 | Source PDF marks some employers in red as not hiring (colour not available in text extract).
thunder-bay|aba-dental-clinic-995amemorialavenuethunde,thunder-bay,ABA DENTAL CLINIC,"995-A Memorial Avenue, Thunder Bay",,unknown,https://gotothunderbay.ca/wp-content/uploads/2026/08/As-of-August-13-2026.pdf,pdf,2026-09-10T20:55:54.670Z,2026-09-10T20:55:54.670Z,active,FALSE,new,Source list updated: June 29 2026 | Source PDF marks some employers in red as not hiring (colour not available in text extract).
thunder-bay|ace-automotive-113leithstreetthunderbay,thunder-bay,Ace Automotive,"113 Leith Street, Thunder Bay",,unknown,https://gotothunderbay.ca/wp-content/uploads/2026/08/As-of-August-13-2026.pdf,pdf,2026-09-10T20:55:54.670Z,2026-09-10T20:55:54.670Z,active,FALSE,new,Source list updated: June 29 2026 | Source PDF marks some employers in red as not hiring (colour not available in text extract).
thunder-bay|advantage-pharmacy-1165bartonstthunderbay,thunder-bay,Advantage pharmacy,"1165 Barton St, Thunder Bay",,unknown,https://gotothunderbay.ca/wp-content/uploads/2026/08/As-of-August-13-2026.pdf,pdf,2026-09-10T20:55:54.670Z,2026-09-10T20:55:54.670Z,active,FALSE,new,Source list updated: June 29 2026 | Source PDF marks some employers in red as not hiring (colour not available in text extract).
thunder-bay|ali-davoudpour-dentistry-professional-corporation-intercity-dental-centre-2011000fortwilliamrd,thunder-bay,Ali Davoudpour Dentistry Professional Corporation- Intercity Dental Centre,201-1000 Fort William Rd.,,unknown,https://gotothunderbay.ca/wp-content/uploads/2026/08/As-of-August-13-2026.pdf,pdf,2026-09-10T20:55:54.670Z,2026-09-10T20:55:54.670Z,active,FALSE,new,Source list updated: June 29 2026 | Source PDF marks some employers in red as not hiring (colour not available in text extract).
thunder-bay|allen-equipment-contracting-corporation-allen-contracting-corp-36rubindrmurillo,thunder-bay,Allen Equipment Contracting Corporation- Allen Contracting Corp,"36 Rubin Dr, Murillo",,unknown,https://gotothunderbay.ca/wp-content/uploads/2026/08/As-of-August-13-2026.pdf,pdf,2026-09-10T20:55:54.670Z,2026-09-10T20:55:54.670Z,active,FALSE,new,Source list updated: June 29 2026 | Source PDF marks some employers in red as not hiring (colour not available in text extract).
thunder-bay|allstate-insurance-company-of-canada-1186memorialaveunit2bthu,thunder-bay,Allstate Insurance Company of Canada,"1186 Memorial Ave. Unit 2B, Thunder Bay",,unknown,https://gotothunderbay.ca/wp-content/uploads/2026/08/As-of-August-13-2026.pdf,pdf,2026-09-10T20:55:54.670Z,2026-09-10T20:55:54.670Z,active,FALSE,new,Source list updated: June 29 2026 | Source PDF marks some employers in red as not hiring (colour not available in text extract).
thunder-bay|als-canada-ltd-1081bartonstreetthunderb,thunder-bay,ALS Canada Ltd,"1081 Barton Street, Thunder Bay",,unknown,https://gotothunderbay.ca/wp-content/uploads/2026/08/As-of-August-13-2026.pdf,pdf,2026-09-10T20:55:54.670Z,2026-09-10T20:55:54.670Z,active,FALSE,new,Source list updated: June 29 2026 | Source PDF marks some employers in red as not hiring (colour not available in text extract).
thunder-bay|amber-ekam-freightlines-inc-905commercestreetthunder,thunder-bay,Amber & Ekam Freightlines Inc.,"905 Commerce Street, Thunder Bay",,unknown,https://gotothunderbay.ca/wp-content/uploads/2026/08/As-of-August-13-2026.pdf,pdf,2026-09-10T20:55:54.670Z,2026-09-10T20:55:54.670Z,active,FALSE,new,Source list updated: June 29 2026 | Source PDF marks some employers in red as not hiring (colour not available in text extract).
thunder-bay|apex-investigation-security-inc-391oliverradthunderbay,thunder-bay,Apex Investigation & Security Inc.,"391 Oliver Rad, Thunder Bay",,unknown,https://gotothunderbay.ca/wp-content/uploads/2026/08/As-of-August-13-2026.pdf,pdf,2026-09-10T20:55:54.670Z,2026-09-10T20:55:54.670Z,active,FALSE,new,Source list updated: June 29 2026 | Source PDF marks some employers in red as not hiring (colour not available in text extract).
thunder-bay|aroma-bliss-36cumberlandststhunderba,thunder-bay,Aroma bliss,36 Cumberland St S Thunder Bay,,unknown,https://gotothunderbay.ca/wp-content/uploads/2026/08/As-of-August-13-2026.pdf,pdf,2026-09-10T20:55:54.670Z,2026-09-10T20:55:54.670Z,active,FALSE,new,Source list updated: June 29 2026 | Source PDF marks some employers in red as not hiring (colour not available in text extract).
thunder-bay|auburn-retailing-ltd-canadian-tire-083-auto-service-centre-939fortwilliamroadthunde,thunder-bay,Auburn Retailing Ltd.- Canadian Tire 083 Auto Service Centre,"939 Fort William Road, Thunder Bay",,unknown,https://gotothunderbay.ca/wp-content/uploads/2026/08/As-of-August-13-2026.pdf,pdf,2026-09-10T20:55:54.670Z,2026-09-10T20:55:54.670Z,active,FALSE,new,Source list updated: June 29 2026 | Source PDF marks some employers in red as not hiring (colour not available in text extract).
thunder-bay|aviation-intertec-services-inc-suite300100princessstree,thunder-bay,Aviation InterTec Services Inc.,"Suite 300 - 100 Princess Street, Thunder Bay",,unknown,https://gotothunderbay.ca/wp-content/uploads/2026/08/As-of-August-13-2026.pdf,pdf,2026-09-10T20:55:54.670Z,2026-09-10T20:55:54.670Z,active,FALSE,new,Source list updated: June 29 2026 | Source PDF marks some employers in red as not hiring (colour not available in text extract).
thunder-bay|balmoral-dental-lab-109algomastreetsouththun,thunder-bay,Balmoral Dental Lab,"109 Algoma Street South, Thunder Bay",,unknown,https://gotothunderbay.ca/wp-content/uploads/2026/08/As-of-August-13-2026.pdf,pdf,2026-09-10T20:55:54.670Z,2026-09-10T20:55:54.670Z,active,FALSE,new,Source list updated: June 29 2026 | Source PDF marks some employers in red as not hiring (colour not available in text extract).
thunder-bay|barb-s-laundromat-242brunswickstreetnortht,thunder-bay,Barb's Laundromat,"242 Brunswick Street North, Thunder Bay",,unknown,https://gotothunderbay.ca/wp-content/uploads/2026/08/As-of-August-13-2026.pdf,pdf,2026-09-10T20:55:54.670Z,2026-09-10T20:55:54.670Z,active,FALSE,new,Source list updated: June 29 2026 | Source PDF marks some employers in red as not hiring (colour not available in text extract).
thunder-bay|bay-city-contractors-1123russellstthunderbay,thunder-bay,Bay City Contractors,1123 Russell St Thunder Bay,,unknown,https://gotothunderbay.ca/wp-content/uploads/2026/08/As-of-August-13-2026.pdf,pdf,2026-09-10T20:55:54.670Z,2026-09-10T20:55:54.670Z,active,FALSE,new,Source list updated: June 29 2026 | Source PDF marks some employers in red as not hiring (colour not available in text extract).
thunder-bay|bayshore-healthcare-1260golflinkroadssuite10,thunder-bay,Bayshore HealthCare,"1260 Golf Link Roads, Suite #103, Thunder Bay",,unknown,https://gotothunderbay.ca/wp-content/uploads/2026/08/As-of-August-13-2026.pdf,pdf,2026-09-10T20:55:54.670Z,2026-09-10T20:55:54.670Z,active,FALSE,new,Source list updated: June 29 2026 | Source PDF marks some employers in red as not hiring (colour not available in text extract).
thunder-bay|baywood-dental-131eastavenuethunderbay,thunder-bay,Baywood Dental,"131 East Avenue, Thunder Bay",,unknown,https://gotothunderbay.ca/wp-content/uploads/2026/08/As-of-August-13-2026.pdf,pdf,2026-09-10T20:55:54.670Z,2026-09-10T20:55:54.670Z,active,FALSE,new,Source list updated: June 29 2026 | Source PDF marks some employers in red as not hiring (colour not available in text extract).
thunder-bay|bennett-s-bakery-limited-the-persian-man-nucci-s-bake-a-deli-899tungstenstthunderbay4,thunder-bay,Bennett's Bakery Limited/ The Persian Man/ Nucci's Bake a Deli,"899 Tungsten St, Thunder Bay; 400 Balmoral St, Thunder Bay; 801 Red River Road, Thunder Bay",,unknown,https://gotothunderbay.ca/wp-content/uploads/2026/08/As-of-August-13-2026.pdf,pdf,2026-09-10T20:55:54.670Z,2026-09-10T20:55:54.670Z,active,FALSE,new,Source list updated: June 29 2026 | Source PDF marks some employers in red as not hiring (colour not available in text extract).
thunder-bay|best-buy-canada-767memorialavenuethunder,thunder-bay,Best Buy Canada,767 Memorial Avenue Thunder Bay,,unknown,https://gotothunderbay.ca/wp-content/uploads/2026/08/As-of-August-13-2026.pdf,pdf,2026-09-10T20:55:54.670Z,2026-09-10T20:55:54.670Z,active,FALSE,new,Source list updated: June 29 2026 | Source PDF marks some employers in red as not hiring (colour not available in text extract).
thunder-bay|bight-restaurant-2201sleepinggiantparkway,thunder-bay,Bight Restaurant,"2201 Sleeping Giant Parkway, Thunder Bay",,unknown,https://gotothunderbay.ca/wp-content/uploads/2026/08/As-of-August-13-2026.pdf,pdf,2026-09-10T20:55:54.670Z,2026-09-10T20:55:54.670Z,active,FALSE,new,Source list updated: June 29 2026 | Source PDF marks some employers in red as not hiring (colour not available in text extract).
thunder-bay|bingwi-neyaashi-anishinaabek-292courtstreetsthunderba,thunder-bay,Bingwi Neyaashi Anishinaabek,292 Court Street S. Thunder Bay,,unknown,https://gotothunderbay.ca/wp-content/uploads/2026/08/As-of-August-13-2026.pdf,pdf,2026-09-10T20:55:54.670Z,2026-09-10T20:55:54.670Z,active,FALSE,new,Source list updated: June 29 2026 | Source PDF marks some employers in red as not hiring (colour not available in text extract).
thunder-bay|bloomex-rollason-flowers-128fredericastethunderba,thunder-bay,Bloomex- Rollason Flowers,"128 Frederica St E, Thunder Bay",,unknown,https://gotothunderbay.ca/wp-content/uploads/2026/08/As-of-August-13-2026.pdf,pdf,2026-09-10T20:55:54.670Z,2026-09-10T20:55:54.670Z,active,FALSE,new,Source list updated: June 29 2026 | Source PDF marks some employers in red as not hiring (colour not available in text extract).
thunder-bay|bnl-contracting-ltd-174munrostreetthunderbay,thunder-bay,BNL Contracting Ltd.,"174 Munro Street, Thunder Bay",,unknown,https://gotothunderbay.ca/wp-content/uploads/2026/08/As-of-August-13-2026.pdf,pdf,2026-09-10T20:55:54.670Z,2026-09-10T20:55:54.670Z,active,FALSE,new,Source list updated: June 29 2026 | Source PDF marks some employers in red as not hiring (colour not available in text extract).
thunder-bay|bombay-one-stop-inc-2605victoriaaveethunderb,thunder-bay,Bombay One Stop Inc.,"2605 Victoria Ave E, Thunder Bay",,unknown,https://gotothunderbay.ca/wp-content/uploads/2026/08/As-of-August-13-2026.pdf,pdf,2026-09-10T20:55:54.670Z,2026-09-10T20:55:54.670Z,active,FALSE,new,Source list updated: June 29 2026 | Source PDF marks some employers in red as not hiring (colour not available in text extract).
thunder-bay|bookkeeper-4-you-ltd-267parkavenuethunderbay,thunder-bay,Bookkeeper 4 You Ltd.,"267 Park Avenue, Thunder Bay",,unknown,https://gotothunderbay.ca/wp-content/uploads/2026/08/As-of-August-13-2026.pdf,pdf,2026-09-10T20:55:54.670Z,2026-09-10T20:55:54.670Z,active,FALSE,new,Source list updated: June 29 2026 | Source PDF marks some employers in red as not hiring (colour not available in text extract).
thunder-bay|boreal-tree-service-741haroldcresthunderbay,thunder-bay,Boreal Tree Service,"741 Harold Cres, Thunder Bay",,unknown,https://gotothunderbay.ca/wp-content/uploads/2026/08/As-of-August-13-2026.pdf,pdf,2026-09-10T20:55:54.670Z,2026-09-10T20:55:54.670Z,active,FALSE,new,Source list updated: June 29 2026 | Source PDF marks some employers in red as not hiring (colour not available in text extract).
thunder-bay|brain-injury-services-of-northern-ontario-426balmoralstreetor130ca,thunder-bay,Brain Injury Services of Northern Ontario,"426 Balmoral Street, or 130 Castlegreen Drive , or 475 N.",,unknown,https://gotothunderbay.ca/wp-content/uploads/2026/08/As-of-August-13-2026.pdf,pdf,2026-09-10T20:55:54.670Z,2026-09-10T20:55:54.670Z,active,FALSE,new,Source list updated: June 29 2026 | Source PDF marks some employers in red as not hiring (colour not available in text extract).
thunder-bay|breeny-s-auto-body-111vickersstnthunderbay,thunder-bay,Breeny's Auto Body,111 Vickers St N Thunder Bay,,unknown,https://gotothunderbay.ca/wp-content/uploads/2026/08/As-of-August-13-2026.pdf,pdf,2026-09-10T20:55:54.670Z,2026-09-10T20:55:54.670Z,active,FALSE,new,Source list updated: June 29 2026 | Source PDF marks some employers in red as not hiring (colour not available in text extract).
thunder-bay|budget-blinds-of-thunder-bay-615amemorialavethunderba,thunder-bay,Budget Blinds Of Thunder Bay,"615 A Memorial Ave , Thunder Bay",,unknown,https://gotothunderbay.ca/wp-content/uploads/2026/08/As-of-August-13-2026.pdf,pdf,2026-09-10T20:55:54.670Z,2026-09-10T20:55:54.670Z,active,FALSE,new,Source list updated: June 29 2026 | Source PDF marks some employers in red as not hiring (colour not available in text extract).
thunder-bay|c-m-tile-and-granites-556eleventhavethunderbay,thunder-bay,C&M Tile and Granites,556 Eleventh Ave. Thunder Bay,,unknown,https://gotothunderbay.ca/wp-content/uploads/2026/08/As-of-August-13-2026.pdf,pdf,2026-09-10T20:55:54.670Z,2026-09-10T20:55:54.670Z,active,FALSE,new,Source list updated: June 29 2026 | Source PDF marks some employers in red as not hiring (colour not available in text extract).
thunder-bay|canada-microblading-inc-canada-microblading-2817arthurstethunderbay,thunder-bay,CANADA MICROBLADING INC- Canada Microblading,"2817 Arthur St E, Thunder Bay",,unknown,https://gotothunderbay.ca/wp-content/uploads/2026/08/As-of-August-13-2026.pdf,pdf,2026-09-10T20:55:54.670Z,2026-09-10T20:55:54.670Z,active,FALSE,new,Source list updated: June 29 2026 | Source PDF marks some employers in red as not hiring (colour not available in text extract).
thunder-bay|canadian-lakehead-exhibition-425northernavenuethunder,thunder-bay,Canadian Lakehead Exhibition,"425 Northern Avenue, Thunder Bay",,unknown,https://gotothunderbay.ca/wp-content/uploads/2026/08/As-of-August-13-2026.pdf,pdf,2026-09-10T20:55:54.670Z,2026-09-10T20:55:54.670Z,active,FALSE,new,Source list updated: June 29 2026 | Source PDF marks some employers in red as not hiring (colour not available in text extract).
thunder-bay|canadian-sterling-corp-need-a-car-superstore-655memorialavethunderbay,thunder-bay,Canadian Sterling Corp- Need A Car Superstore,"655 Memorial Ave, Thunder Bay",,unknown,https://gotothunderbay.ca/wp-content/uploads/2026/08/As-of-August-13-2026.pdf,pdf,2026-09-10T20:55:54.670Z,2026-09-10T20:55:54.670Z,active,FALSE,new,Source list updated: June 29 2026 | Source PDF marks some employers in red as not hiring (colour not available in text extract).
thunder-bay|canadian-tire-34-1221arthurstreetwthunder,thunder-bay,Canadian Tire #34,"1221 ARTHUR STREET W, Thunder Bay",,unknown,https://gotothunderbay.ca/wp-content/uploads/2026/08/As-of-August-13-2026.pdf,pdf,2026-09-10T20:55:54.670Z,2026-09-10T20:55:54.670Z,active,FALSE,new,Source list updated: June 29 2026 | Source PDF marks some employers in red as not hiring (colour not available in text extract).
thunder-bay|canadian-tire-store-083-and-party-city-store-840-939fortwilliamroadcanadi,thunder-bay,Canadian Tire Store #083 and Party City Store #840,939 Fort William Road (Canadian Tire) and 341 Main Street (Party City) Thunder Bay,,unknown,https://gotothunderbay.ca/wp-content/uploads/2026/08/As-of-August-13-2026.pdf,pdf,2026-09-10T20:55:54.670Z,2026-09-10T20:55:54.670Z,active,FALSE,new,Source list updated: June 29 2026 | Source PDF marks some employers in red as not hiring (colour not available in text extract).
thunder-bay|canwind-logistics-ltd-490maureenstthunderbay,thunder-bay,Canwind Logistics Ltd.,"490 Maureen St, Thunder Bay",,unknown,https://gotothunderbay.ca/wp-content/uploads/2026/08/As-of-August-13-2026.pdf,pdf,2026-09-10T20:55:54.670Z,2026-09-10T20:55:54.670Z,active,FALSE,new,Source list updated: June 29 2026 | Source PDF marks some employers in red as not hiring (colour not available in text extract).
thunder-bay|cara-engineering-inc-202106cumberlandstnthund,thunder-bay,CARA Engineering Inc.,"202-106 Cumberland St N, Thunder Bay",,unknown,https://gotothunderbay.ca/wp-content/uploads/2026/08/As-of-August-13-2026.pdf,pdf,2026-09-10T20:55:54.670Z,2026-09-10T20:55:54.670Z,active,FALSE,new,Source list updated: June 29 2026 | Source PDF marks some employers in red as not hiring (colour not available in text extract).
thunder-bay|caribou-restaurant-inc-caribou-restaurant-wine-bar-727hewitsonstthunderbay,thunder-bay,Caribou Restaurant Inc.- Caribou Restaurant + Wine Bar,727 Hewitson St. Thunder Bay,,unknown,https://gotothunderbay.ca/wp-content/uploads/2026/08/As-of-August-13-2026.pdf,pdf,2026-09-10T20:55:54.670Z,2026-09-10T20:55:54.670Z,active,FALSE,new,Source list updated: June 29 2026 | Source PDF marks some employers in red as not hiring (colour not available in text extract).
thunder-bay|carol-s-cakes-110waterlooststhunderbay,thunder-bay,CAROL'S CAKES,110 Waterloo St S. Thunder Bay,,unknown,https://gotothunderbay.ca/wp-content/uploads/2026/08/As-of-August-13-2026.pdf,pdf,2026-09-10T20:55:54.670Z,2026-09-10T20:55:54.670Z,active,FALSE,new,Source list updated: June 29 2026 | Source PDF marks some employers in red as not hiring (colour not available in text extract).
thunder-bay|cars-on-alloy-ltd-marostica-subaru-502sixteenthavethunderba,thunder-bay,CARS ON ALLOY LTD - MAROSTICA SUBARU,502 SIXTEENTH AVE. Thunder Bay,,unknown,https://gotothunderbay.ca/wp-content/uploads/2026/08/As-of-August-13-2026.pdf,pdf,2026-09-10T20:55:54.670Z,2026-09-10T20:55:54.670Z,active,FALSE,new,Source list updated: June 29 2026 | Source PDF marks some employers in red as not hiring (colour not available in text extract).
thunder-bay|chartwell-master-care-lp-dba-isabella-chartwell-isabella-retirement-residence-1350isabellastethunderba,thunder-bay,Chartwell Master Care LP. dba Isabella- Chartwell Isabella Retirement Residence,"1350 Isabella St E, Thunder Bay",,unknown,https://gotothunderbay.ca/wp-content/uploads/2026/08/As-of-August-13-2026.pdf,pdf,2026-09-10T20:55:54.670Z,2026-09-10T20:55:54.670Z,active,FALSE,new,Source list updated: June 29 2026 | Source PDF marks some employers in red as not hiring (colour not available in text extract).
thunder-bay|children-s-aid-society-of-the-district-of-thunder-bay-1110jadecourtthunderbay,thunder-bay,Children's Aid Society of the District of Thunder Bay,1110 Jade Court Thunder Bay,,unknown,https://gotothunderbay.ca/wp-content/uploads/2026/08/As-of-August-13-2026.pdf,pdf,2026-09-10T20:55:54.670Z,2026-09-10T20:55:54.670Z,active,FALSE,new,Source list updated: June 29 2026 | Source PDF marks some employers in red as not hiring (colour not available in text extract).
thunder-bay|children-s-centre-thunder-bay-283lisgarstreetthunderba,thunder-bay,Children's Centre Thunder Bay,283 Lisgar Street Thunder Bay,,unknown,https://gotothunderbay.ca/wp-content/uploads/2026/08/As-of-August-13-2026.pdf,pdf,2026-09-10T20:55:54.670Z,2026-09-10T20:55:54.670Z,active,FALSE,new,Source list updated: June 29 2026 | Source PDF marks some employers in red as not hiring (colour not available in text extract).
thunder-bay|chinese-express-restaurant-601warthurstreetthunderb,thunder-bay,Chinese Express Restaurant,"601 W. Arthur Street, Thunder Bay",,unknown,https://gotothunderbay.ca/wp-content/uploads/2026/08/As-of-August-13-2026.pdf,pdf,2026-09-10T20:55:54.670Z,2026-09-10T20:55:54.670Z,active,FALSE,new,Source list updated: June 29 2026 | Source PDF marks some employers in red as not hiring (colour not available in text extract).
thunder-bay|chuck-s-roadhouse-bar-grill-610arthurstwthunderbay,thunder-bay,Chuck's Roadhouse Bar & Grill,"610 Arthur St W, Thunder Bay",,unknown,https://gotothunderbay.ca/wp-content/uploads/2026/08/As-of-August-13-2026.pdf,pdf,2026-09-10T20:55:54.670Z,2026-09-10T20:55:54.670Z,active,FALSE,new,Source list updated: June 29 2026 | Source PDF marks some employers in red as not hiring (colour not available in text extract).
thunder-bay|cirro-by-airsuite-1205amberdrivesuite109,thunder-bay,Cirro by AirSuite,"1205 Amber Drive, Suite 109",,unknown,https://gotothunderbay.ca/wp-content/uploads/2026/08/As-of-August-13-2026.pdf,pdf,2026-09-10T20:55:54.670Z,2026-09-10T20:55:54.670Z,active,FALSE,new,Source list updated: June 29 2026 | Source PDF marks some employers in red as not hiring (colour not available in text extract).
thunder-bay|cjsd-incorporated-dougall-media-87hillstreetnorththunder,thunder-bay,CJSD Incorporated (Dougall Media),87 Hill Street North Thunder Bay,,unknown,https://gotothunderbay.ca/wp-content/uploads/2026/08/As-of-August-13-2026.pdf,pdf,2026-09-10T20:55:54.670Z,2026-09-10T20:55:54.670Z,active,FALSE,new,Source list updated: June 29 2026 | Source PDF marks some employers in red as not hiring (colour not available in text extract).
thunder-bay|clara-industrial-services-limited-1130commercestreetthunde,thunder-bay,Clara Industrial Services Limited,"1130 Commerce Street, Thunder Bay",,unknown,https://gotothunderbay.ca/wp-content/uploads/2026/08/As-of-August-13-2026.pdf,pdf,2026-09-10T20:55:54.670Z,2026-09-10T20:55:54.670Z,active,FALSE,new,Source list updated: June 29 2026 | Source PDF marks some employers in red as not hiring (colour not available in text extract).
thunder-bay|comfort-inn-thunder-bay-660arthurstreetwestthund,thunder-bay,Comfort Inn Thunder Bay,"660 Arthur Street West, Thunder Bay",,unknown,https://gotothunderbay.ca/wp-content/uploads/2026/08/As-of-August-13-2026.pdf,pdf,2026-09-10T20:55:54.670Z,2026-09-10T20:55:54.670Z,active,FALSE,new,Source list updated: June 29 2026 | Source PDF marks some employers in red as not hiring (colour not available in text extract).
thunder-bay|community-clothing-assistance-404maystreetnorththunder,thunder-bay,Community Clothing Assistance,"404 May Street North, Thunder Bay",,unknown,https://gotothunderbay.ca/wp-content/uploads/2026/08/As-of-August-13-2026.pdf,pdf,2026-09-10T20:55:54.670Z,2026-09-10T20:55:54.670Z,active,FALSE,new,Source list updated: June 29 2026 | Source PDF marks some employers in red as not hiring (colour not available in text extract).
thunder-bay|community-living-thunder-bay-1501deasestthunderbay,thunder-bay,Community Living Thunder Bay,1501 Dease St. Thunder Bay,,unknown,https://gotothunderbay.ca/wp-content/uploads/2026/08/As-of-August-13-2026.pdf,pdf,2026-09-10T20:55:54.670Z,2026-09-10T20:55:54.670Z,active,FALSE,new,Source list updated: June 29 2026 | Source PDF marks some employers in red as not hiring (colour not available in text extract).
thunder-bay|complete-renovations-573tupperstthunderbay,thunder-bay,Complete Renovations,"573 Tupper st, Thunder Bay",,unknown,https://gotothunderbay.ca/wp-content/uploads/2026/08/As-of-August-13-2026.pdf,pdf,2026-09-10T20:55:54.670Z,2026-09-10T20:55:54.670Z,active,FALSE,new,Source list updated: June 29 2026 | Source PDF marks some employers in red as not hiring (colour not available in text extract).
thunder-bay|confederation-college-of-applied-arts-technology-1450nakinadrivethunderba,thunder-bay,Confederation College of Applied Arts & Technology,"1450 Nakina Drive, Thunder Bay",,unknown,https://gotothunderbay.ca/wp-content/uploads/2026/08/As-of-August-13-2026.pdf,pdf,2026-09-10T20:55:54.670Z,2026-09-10T20:55:54.670Z,active,FALSE,new,Source list updated: June 29 2026 | Source PDF marks some employers in red as not hiring (colour not available in text extract).
thunder-bay|control-hvac-refrigeration-ltd-1519donaldstethunderbayc,thunder-bay,Control HVAC & Refrigeration Ltd,"1519 Donald St E, Thunder Bay COPPOLA HOME (THUNDER BAY) LIMITED- Coppola Contracting 269 Red River Road Thunder Bay Ontario P7B1A9",,unknown,https://gotothunderbay.ca/wp-content/uploads/2026/08/As-of-August-13-2026.pdf,pdf,2026-09-10T20:55:54.670Z,2026-09-10T20:55:54.670Z,active,FALSE,new,Source list updated: June 29 2026 | Source PDF marks some employers in red as not hiring (colour not available in text extract).
thunder-bay|corporate-impressions-ltd-mallon-s-promotional-products-clothing-901coppercrescentthunder,thunder-bay,Corporate Impressions Ltd.- Mallon's Promotional Products & Clothing,"901 Copper Crescent, Thunder Bay",,unknown,https://gotothunderbay.ca/wp-content/uploads/2026/08/As-of-August-13-2026.pdf,pdf,2026-09-10T20:55:54.670Z,2026-09-10T20:55:54.670Z,active,FALSE,new,Source list updated: June 29 2026 | Source PDF marks some employers in red as not hiring (colour not available in text extract).
thunder-bay|corporation-of-the-city-of-thunder-bay-500donaldstethunderbay,thunder-bay,Corporation of the City of Thunder Bay,"500 Donald St. E, Thunder Bay",,unknown,https://gotothunderbay.ca/wp-content/uploads/2026/08/As-of-August-13-2026.pdf,pdf,2026-09-10T20:55:54.670Z,2026-09-10T20:55:54.670Z,active,FALSE,new,Source list updated: June 29 2026 | Source PDF marks some employers in red as not hiring (colour not available in text extract).
thunder-bay|cozy-corner-service-inc-1460rosslynroadthunderba,thunder-bay,Cozy Corner Service Inc.,"1460 rosslyn road, Thunder Bay",,unknown,https://gotothunderbay.ca/wp-content/uploads/2026/08/As-of-August-13-2026.pdf,pdf,2026-09-10T20:55:54.670Z,2026-09-10T20:55:54.670Z,active,FALSE,new,Source list updated: June 29 2026 | Source PDF marks some employers in red as not hiring (colour not available in text extract).
thunder-bay|creative-therapy-associates-1883tungstenstreetthunde,thunder-bay,CREATIVE THERAPY ASSOCIATES,"1-883 TUNGSTEN STREET, Thunder Bay Crossroads Motor Inn Limited- Thunder Bay Crossroads, Motor Inn 655 W. Arthur Street, Thunder Bay",,unknown,https://gotothunderbay.ca/wp-content/uploads/2026/08/As-of-August-13-2026.pdf,pdf,2026-09-10T20:55:54.670Z,2026-09-10T20:55:54.670Z,active,FALSE,new,Source list updated: June 29 2026 | Source PDF marks some employers in red as not hiring (colour not available in text extract).
thunder-bay|csh-hilldale-inc-chartwell-hilldale-retirement-residence-309hilldalerdthunderbay,thunder-bay,CSH (Hilldale) Inc.- Chartwell Hilldale Retirement Residence,"309 Hilldale Rd, Thunder Bay",,unknown,https://gotothunderbay.ca/wp-content/uploads/2026/08/As-of-August-13-2026.pdf,pdf,2026-09-10T20:55:54.670Z,2026-09-10T20:55:54.670Z,active,FALSE,new,Source list updated: June 29 2026 | Source PDF marks some employers in red as not hiring (colour not available in text extract).
thunder-bay|csh-glacier-ridge-inc-chartwell-glacier-ridge-retirement-residence-1261jasperdrivethunderba,thunder-bay,CSH Glacier Ridge Inc- Chartwell Glacier Ridge Retirement Residence,1261 Jasper Drive Thunder Bay CSH Select Thunder Bay Inc.- Chartwell Thunder Bay Retirement,,unknown,https://gotothunderbay.ca/wp-content/uploads/2026/08/As-of-August-13-2026.pdf,pdf,2026-09-10T20:55:54.670Z,2026-09-10T20:55:54.670Z,active,FALSE,new,Source list updated: June 29 2026 | Source PDF marks some employers in red as not hiring (colour not available in text extract).
thunder-bay|residence-770arundelstthunderbay,thunder-bay,Residence,"770 Arundel St, Thunder Bay",,unknown,https://gotothunderbay.ca/wp-content/uploads/2026/08/As-of-August-13-2026.pdf,pdf,2026-09-10T20:55:54.670Z,2026-09-10T20:55:54.670Z,active,FALSE,new,Source list updated: June 29 2026 | Source PDF marks some employers in red as not hiring (colour not available in text extract).
thunder-bay|curans-heart-centre-corp-1165bartonstreetthunderb,thunder-bay,Curans Heart Centre Corp.,"1165 Barton Street, Thunder Bay",,unknown,https://gotothunderbay.ca/wp-content/uploads/2026/08/As-of-August-13-2026.pdf,pdf,2026-09-10T20:55:54.670Z,2026-09-10T20:55:54.670Z,active,FALSE,new,Source list updated: June 29 2026 | Source PDF marks some employers in red as not hiring (colour not available in text extract).
thunder-bay|cvh-no-9-southbridge-roseview-southbridge-pinewood-southbridge-lakehead-99shuniahstreetthunderba,thunder-bay,"CVH (No.9) - Southbridge Roseview, Southbridge Pinewood, Southbridge Lakehead","99 Shuniah Street, Thunder Bay",,unknown,https://gotothunderbay.ca/wp-content/uploads/2026/08/As-of-August-13-2026.pdf,pdf,2026-09-10T20:55:54.670Z,2026-09-10T20:55:54.670Z,active,FALSE,new,Source list updated: June 29 2026 | Source PDF marks some employers in red as not hiring (colour not available in text extract).
thunder-bay|d-r-fawcett-solutions-inc-255farmroadneebingon,thunder-bay,D.R. FAWCETT SOLUTIONS INC.,"255 Farm Road, Neebing, ON",,unknown,https://gotothunderbay.ca/wp-content/uploads/2026/08/As-of-August-13-2026.pdf,pdf,2026-09-10T20:55:54.670Z,2026-09-10T20:55:54.670Z,active,FALSE,new,Source list updated: June 29 2026 | Source PDF marks some employers in red as not hiring (colour not available in text extract).
thunder-bay|dawson-diner-1889dawsonroadthunderbay,thunder-bay,Dawson Diner,1889 Dawson Road Thunder Bay,,unknown,https://gotothunderbay.ca/wp-content/uploads/2026/08/As-of-August-13-2026.pdf,pdf,2026-09-10T20:55:54.670Z,2026-09-10T20:55:54.670Z,active,FALSE,new,Source list updated: June 29 2026 | Source PDF marks some employers in red as not hiring (colour not available in text extract).
thunder-bay|days-inn-suites-by-wyndham-thunder-bay-645sibleydrthunderbay,thunder-bay,Days Inn & Suites by Wyndham Thunder Bay,"645 Sibley Dr, Thunder Bay",,unknown,https://gotothunderbay.ca/wp-content/uploads/2026/08/As-of-August-13-2026.pdf,pdf,2026-09-10T20:55:54.670Z,2026-09-10T20:55:54.670Z,active,FALSE,new,Source list updated: June 29 2026 | Source PDF marks some employers in red as not hiring (colour not available in text extract).
thunder-bay|delta-hotels-2240sleepinggiantparkway,thunder-bay,DELTA HOTELS,"2240 Sleeping Giant Parkway, Thunder Bay Denkymax African Food Market & Thunder Bay African Restaurant 59 Court Street N, Thunder Bay & 220 May Street N, Thunder",,unknown,https://gotothunderbay.ca/wp-content/uploads/2026/08/As-of-August-13-2026.pdf,pdf,2026-09-10T20:55:54.670Z,2026-09-10T20:55:54.670Z,active,FALSE,new,Source list updated: June 29 2026 | Source PDF marks some employers in red as not hiring (colour not available in text extract).
thunder-bay|bay-dingwell-s-machinery-supply-ltd-963alloydrivethunderbay,thunder-bay,Bay Dingwell's Machinery & Supply Ltd.,"963 Alloy Drive, Thunder Bay",,unknown,https://gotothunderbay.ca/wp-content/uploads/2026/08/As-of-August-13-2026.pdf,pdf,2026-09-10T20:55:54.670Z,2026-09-10T20:55:54.670Z,active,FALSE,new,Source list updated: June 29 2026 | Source PDF marks some employers in red as not hiring (colour not available in text extract).
thunder-bay|doctor-abdelgader-dentistry-professional-corporation-3815fortwilliamroadthund,thunder-bay,Doctor Abdelgader Dentistry Professional Corporation,"3 - 815 Fort William Road, Thunder Bay",,unknown,https://gotothunderbay.ca/wp-content/uploads/2026/08/As-of-August-13-2026.pdf,pdf,2026-09-10T20:55:54.670Z,2026-09-10T20:55:54.670Z,active,FALSE,new,Source list updated: June 29 2026 | Source PDF marks some employers in red as not hiring (colour not available in text extract).
thunder-bay|dollar-contracting-ltd-48carlavethunderbay,thunder-bay,Dollar Contracting Ltd.,"48 Carl Ave, Thunder Bay",,unknown,https://gotothunderbay.ca/wp-content/uploads/2026/08/As-of-August-13-2026.pdf,pdf,2026-09-10T20:55:54.670Z,2026-09-10T20:55:54.670Z,active,FALSE,new,Source list updated: June 29 2026 | Source PDF marks some employers in red as not hiring (colour not available in text extract).
thunder-bay|dominion-motors-thunder-bay-1984-limited-882coppercrescentthunder,thunder-bay,Dominion Motors(Thunder Bay-1984)Limited,882 Copper Crescent Thunder Bay,,unknown,https://gotothunderbay.ca/wp-content/uploads/2026/08/As-of-August-13-2026.pdf,pdf,2026-09-10T20:55:54.670Z,2026-09-10T20:55:54.670Z,active,FALSE,new,Source list updated: June 29 2026 | Source PDF marks some employers in red as not hiring (colour not available in text extract).
thunder-bay|domtar-resolute-forest-products-sawmill-156darrelavenuethunderba,thunder-bay,Domtar - (Resolute Forest Products - Sawmill),"156 Darrel Avenue, Thunder Bay",,unknown,https://gotothunderbay.ca/wp-content/uploads/2026/08/As-of-August-13-2026.pdf,pdf,2026-09-10T20:55:54.670Z,2026-09-10T20:55:54.670Z,active,FALSE,new,Source list updated: June 29 2026 | Source PDF marks some employers in red as not hiring (colour not available in text extract).
thunder-bay|donatis-brothers-inc-construction-1141bartonstthunderbay,thunder-bay,Donatis Brothers Inc - (Construction),"1141 Barton St, Thunder Bay",,unknown,https://gotothunderbay.ca/wp-content/uploads/2026/08/As-of-August-13-2026.pdf,pdf,2026-09-10T20:55:54.670Z,2026-09-10T20:55:54.670Z,active,FALSE,new,Source list updated: June 29 2026 | Source PDF marks some employers in red as not hiring (colour not available in text extract).
thunder-bay|done-rite-imports-inc-done-rite-tires-auto-1020carrickstthunderbay,thunder-bay,Done-Rite Imports Inc.- Done-Rite Tires & Auto,"1020 Carrick St., Thunder Bay",,unknown,https://gotothunderbay.ca/wp-content/uploads/2026/08/As-of-August-13-2026.pdf,pdf,2026-09-10T20:55:54.670Z,2026-09-10T20:55:54.670Z,active,FALSE,new,Source list updated: June 29 2026 | Source PDF marks some employers in red as not hiring (colour not available in text extract).
thunder-bay|dowhos-and-kam-professional-corporation-grandview-family-dental-570redriverrdunit3thunde,thunder-bay,Dowhos and Kam Professional Corporation- Grandview Family Dental,"570 Red River Rd Unit 3, Thunder Bay",,unknown,https://gotothunderbay.ca/wp-content/uploads/2026/08/As-of-August-13-2026.pdf,pdf,2026-09-10T20:55:54.670Z,2026-09-10T20:55:54.670Z,active,FALSE,new,Source list updated: June 29 2026 | Source PDF marks some employers in red as not hiring (colour not available in text extract).
thunder-bay|dr-morshed-sikder-dentistry-professional-corporation-victoria-dental-clinic-910victoriaaveethunderba,thunder-bay,Dr Morshed Sikder Dentistry Professional Corporation- Victoria Dental Clinic,"910 Victoria Ave E, Thunder Bay",,unknown,https://gotothunderbay.ca/wp-content/uploads/2026/08/As-of-August-13-2026.pdf,pdf,2026-09-10T20:55:54.670Z,2026-09-10T20:55:54.670Z,active,FALSE,new,Source list updated: June 29 2026 | Source PDF marks some employers in red as not hiring (colour not available in text extract).
thunder-bay|dr-s-hadi-dentistry-professional-corporation-serene-dental-400balmoralstthunderbay,thunder-bay,Dr S. Hadi Dentistry Professional Corporation- Serene Dental,"400 Balmoral St, Thunder Bay",,unknown,https://gotothunderbay.ca/wp-content/uploads/2026/08/As-of-August-13-2026.pdf,pdf,2026-09-10T20:55:54.670Z,2026-09-10T20:55:54.670Z,active,FALSE,new,Source list updated: June 29 2026 | Source PDF marks some employers in red as not hiring (colour not available in text extract).
thunder-bay|dr-nawfal-al-hashimi-dentistry-professional-corporation-thunder-bay-endodontics-167cumberlandstnthunderb,thunder-bay,Dr. Nawfal Al-Hashimi Dentistry Professional Corporation- Thunder Bay Endodontics,167 Cumberland St N Thunder Bay,,unknown,https://gotothunderbay.ca/wp-content/uploads/2026/08/As-of-August-13-2026.pdf,pdf,2026-09-10T20:55:54.670Z,2026-09-10T20:55:54.670Z,active,FALSE,new,Source list updated: June 29 2026 | Source PDF marks some employers in red as not hiring (colour not available in text extract).
thunder-bay|dr-stephen-carlson-professional-dentistry-corporation-birch-point-dental-147algomastsouththunderb,thunder-bay,Dr. Stephen Carlson Professional Dentistry Corporation- Birch Point Dental,"147 Algoma St, South Thunder Bay",,unknown,https://gotothunderbay.ca/wp-content/uploads/2026/08/As-of-August-13-2026.pdf,pdf,2026-09-10T20:55:54.670Z,2026-09-10T20:55:54.670Z,active,FALSE,new,Source list updated: June 29 2026 | Source PDF marks some employers in red as not hiring (colour not available in text extract).
thunder-bay|ds-malhi-transport-ltd-300waterstreetsouththund,thunder-bay,DS Malhi Transport ltd,"300 Water Street South, Thunder Bay",,unknown,https://gotothunderbay.ca/wp-content/uploads/2026/08/As-of-August-13-2026.pdf,pdf,2026-09-10T20:55:54.670Z,2026-09-10T20:55:54.670Z,active,FALSE,new,Source list updated: June 29 2026 | Source PDF marks some employers in red as not hiring (colour not available in text extract).
thunder-bay|dusty-s-car-care-centre-319maystreetnorththunder,thunder-bay,Dusty's Car Care Centre,"319 May Street North, Thunder Bay",,unknown,https://gotothunderbay.ca/wp-content/uploads/2026/08/As-of-August-13-2026.pdf,pdf,2026-09-10T20:55:54.670Z,2026-09-10T20:55:54.670Z,active,FALSE,new,Source list updated: June 29 2026 | Source PDF marks some employers in red as not hiring (colour not available in text extract).
thunder-bay|dutchak-scrap-metal-ltd-705hammondavethunderbay,thunder-bay,Dutchak Scrap Metal Ltd,"705 Hammond Ave, Thunder Bay",,unknown,https://gotothunderbay.ca/wp-content/uploads/2026/08/As-of-August-13-2026.pdf,pdf,2026-09-10T20:55:54.670Z,2026-09-10T20:55:54.670Z,active,FALSE,new,Source list updated: June 29 2026 | Source PDF marks some employers in red as not hiring (colour not available in text extract).
thunder-bay|eco-carbon-foam-inc-94vibertrdsouthrosslyn,thunder-bay,Eco Carbon Foam Inc.,"94 Vibert Rd. South, Rosslyn",,unknown,https://gotothunderbay.ca/wp-content/uploads/2026/08/As-of-August-13-2026.pdf,pdf,2026-09-10T20:55:54.670Z,2026-09-10T20:55:54.670Z,active,FALSE,new,Source list updated: June 29 2026 | Source PDF marks some employers in red as not hiring (colour not available in text extract).
thunder-bay|eddy-lee-s-chinese-restaurant-863redriverroadthunderba,thunder-bay,Eddy Lee's Chinese Restaurant,"863 Red River Road, Thunder Bay",,unknown,https://gotothunderbay.ca/wp-content/uploads/2026/08/As-of-August-13-2026.pdf,pdf,2026-09-10T20:55:54.670Z,2026-09-10T20:55:54.670Z,active,FALSE,new,Source list updated: June 29 2026 | Source PDF marks some employers in red as not hiring (colour not available in text extract).
thunder-bay|edoardo-veneruz-pharmacy-ltd-shoppers-drug-mart-677679900earthurst425ned,thunder-bay,Edoardo Veneruz Pharmacy Ltd - Shoppers Drug Mart,"677 & 679 900 E Arthur St & 425 N Edward Street, Thunder Bay",,unknown,https://gotothunderbay.ca/wp-content/uploads/2026/08/As-of-August-13-2026.pdf,pdf,2026-09-10T20:55:54.670Z,2026-09-10T20:55:54.670Z,active,FALSE,new,Source list updated: June 29 2026 | Source PDF marks some employers in red as not hiring (colour not available in text extract).
thunder-bay|edward-st-dental-136edwardstsouththunderb,thunder-bay,Edward St. Dental,"136 Edward St. South, Thunder Bay",,unknown,https://gotothunderbay.ca/wp-content/uploads/2026/08/As-of-August-13-2026.pdf,pdf,2026-09-10T20:55:54.670Z,2026-09-10T20:55:54.670Z,active,FALSE,new,Source list updated: June 29 2026 | Source PDF marks some employers in red as not hiring (colour not available in text extract).
thunder-bay|elevate-nwo-102106cumberlandstreetno,thunder-bay,Elevate NWO,102-106 Cumberland Street North Thunder Bay,,unknown,https://gotothunderbay.ca/wp-content/uploads/2026/08/As-of-August-13-2026.pdf,pdf,2026-09-10T20:55:54.670Z,2026-09-10T20:55:54.670Z,active,FALSE,new,Source list updated: June 29 2026 | Source PDF marks some employers in red as not hiring (colour not available in text extract).
thunder-bay|enterprise-rent-a-car-727memorialavenuethunder,thunder-bay,Enterprise Rent-A-Car,"727 Memorial Avenue, Thunder Bay; 1100 Arthur Street West, Thunder Bay; 100 Princess Street, Thunder Bay",,unknown,https://gotothunderbay.ca/wp-content/uploads/2026/08/As-of-August-13-2026.pdf,pdf,2026-09-10T20:55:54.670Z,2026-09-10T20:55:54.670Z,active,FALSE,new,Source list updated: June 29 2026 | Source PDF marks some employers in red as not hiring (colour not available in text extract).
thunder-bay|equipment-world-inc-988alloydrivethunderbay,thunder-bay,Equipment World Inc.,"988 Alloy Drive, Thunder Bay",,unknown,https://gotothunderbay.ca/wp-content/uploads/2026/08/As-of-August-13-2026.pdf,pdf,2026-09-10T20:55:54.670Z,2026-09-10T20:55:54.670Z,active,FALSE,new,Source list updated: June 29 2026 | Source PDF marks some employers in red as not hiring (colour not available in text extract).
thunder-bay|fat-panda-1100memorialave3thunderb,thunder-bay,Fat Panda,"1100 Memorial Ave.#3,Thunder Bay, Arthur St W,Thunder Bay/ 843 Red River Road unit 11 Thunder Bay",,unknown,https://gotothunderbay.ca/wp-content/uploads/2026/08/As-of-August-13-2026.pdf,pdf,2026-09-10T20:55:54.670Z,2026-09-10T20:55:54.670Z,active,FALSE,new,Source list updated: June 29 2026 | Source PDF marks some employers in red as not hiring (colour not available in text extract).
thunder-bay|finn-way-general-contractor-inc-1301walshstwthunderbay,thunder-bay,Finn Way General Contractor Inc.,"1301 Walsh St W, Thunder Bay",,unknown,https://gotothunderbay.ca/wp-content/uploads/2026/08/As-of-August-13-2026.pdf,pdf,2026-09-10T20:55:54.670Z,2026-09-10T20:55:54.670Z,active,FALSE,new,Source list updated: June 29 2026 | Source PDF marks some employers in red as not hiring (colour not available in text extract).
thunder-bay|five-star-bakery-1982ltdfivestarbakeryand,thunder-bay,Five Star Bakery,1982 Ltd. -Five Star Bakery and Dagwoods Bakery,,unknown,https://gotothunderbay.ca/wp-content/uploads/2026/08/As-of-August-13-2026.pdf,pdf,2026-09-10T20:55:54.670Z,2026-09-10T20:55:54.670Z,active,FALSE,new,Source list updated: June 29 2026 | Source PDF marks some employers in red as not hiring (colour not available in text extract).
thunder-bay|and-deli-225pacificaveand290eastb,thunder-bay,and Deli,"225 Pacific Ave. and 290 East Brock Street, Thunder Bay",,unknown,https://gotothunderbay.ca/wp-content/uploads/2026/08/As-of-August-13-2026.pdf,pdf,2026-09-10T20:55:54.670Z,2026-09-10T20:55:54.670Z,active,FALSE,new,Source list updated: June 29 2026 | Source PDF marks some employers in red as not hiring (colour not available in text extract).
thunder-bay|flawless-threading-and-beauty-bar-inc-831maystreetnorthunit2th,thunder-bay,FLAWLESS THREADING AND BEAUTY BAR INC,"831 May Street North unit 2, Thunder Bay",,unknown,https://gotothunderbay.ca/wp-content/uploads/2026/08/As-of-August-13-2026.pdf,pdf,2026-09-10T20:55:54.670Z,2026-09-10T20:55:54.670Z,active,FALSE,new,Source list updated: June 29 2026 | Source PDF marks some employers in red as not hiring (colour not available in text extract).
thunder-bay|focus-ndtis-inc-821northvickersstreetthu,thunder-bay,Focus NDTIS INC.,"821 North Vickers Street, Thunder Bay",,unknown,https://gotothunderbay.ca/wp-content/uploads/2026/08/As-of-August-13-2026.pdf,pdf,2026-09-10T20:55:54.670Z,2026-09-10T20:55:54.670Z,active,FALSE,new,Source list updated: June 29 2026 | Source PDF marks some employers in red as not hiring (colour not available in text extract).
thunder-bay|forma-professional-beauty-inc-2102225-ontario-ltd-1163waterfordstthunderba,thunder-bay,Forma Professional Beauty Inc / 2102225 Ontario LTD,"1163 Waterford St, Thunder Bay",,unknown,https://gotothunderbay.ca/wp-content/uploads/2026/08/As-of-August-13-2026.pdf,pdf,2026-09-10T20:55:54.670Z,2026-09-10T20:55:54.670Z,active,FALSE,new,Source list updated: June 29 2026 | Source PDF marks some employers in red as not hiring (colour not available in text extract).
thunder-bay|fountain-tire-788centralavenuethunderb,thunder-bay,FOUNTAIN TIRE,"788 CENTRAL AVENUE, THUNDER BAY",,unknown,https://gotothunderbay.ca/wp-content/uploads/2026/08/As-of-August-13-2026.pdf,pdf,2026-09-10T20:55:54.670Z,2026-09-10T20:55:54.670Z,active,FALSE,new,Source list updated: June 29 2026 | Source PDF marks some employers in red as not hiring (colour not available in text extract).
thunder-bay|freight-managers-inc-5221townlineroadmurillo,thunder-bay,Freight Managers Inc,"5221 Townline Road, Murillo",,unknown,https://gotothunderbay.ca/wp-content/uploads/2026/08/As-of-August-13-2026.pdf,pdf,2026-09-10T20:55:54.670Z,2026-09-10T20:55:54.670Z,active,FALSE,new,Source list updated: June 29 2026 | Source PDF marks some employers in red as not hiring (colour not available in text extract).
thunder-bay|frp-systems-ltd-804maddonnellstreetthund,thunder-bay,FRP SYSTEMS LTD.,"804 MADDONNELL STREET, Thunder Bay",,unknown,https://gotothunderbay.ca/wp-content/uploads/2026/08/As-of-August-13-2026.pdf,pdf,2026-09-10T20:55:54.670Z,2026-09-10T20:55:54.670Z,active,FALSE,new,Source list updated: June 29 2026 | Source PDF marks some employers in red as not hiring (colour not available in text extract).
thunder-bay|fun-tastic-castles-25marlboroughstreetthund,thunder-bay,Fun-Tastic Castles,"25 Marlborough Street, Thunder Bay",,unknown,https://gotothunderbay.ca/wp-content/uploads/2026/08/As-of-August-13-2026.pdf,pdf,2026-09-10T20:55:54.670Z,2026-09-10T20:55:54.670Z,active,FALSE,new,Source list updated: June 29 2026 | Source PDF marks some employers in red as not hiring (colour not available in text extract).
thunder-bay|g3-canada-ltd-grain-terminal-200darrelavenuethunderba,thunder-bay,G3 Canada Ltd.- Grain Terminal,"200 Darrel Avenue, Thunder Bay",,unknown,https://gotothunderbay.ca/wp-content/uploads/2026/08/As-of-August-13-2026.pdf,pdf,2026-09-10T20:55:54.670Z,2026-09-10T20:55:54.670Z,active,FALSE,new,Source list updated: June 29 2026 | Source PDF marks some employers in red as not hiring (colour not available in text extract).
thunder-bay|gardaworld-security-unit206c1000fortwilliamr,thunder-bay,GardaWorld Security,"Unit 206 C - 1000 Fort William Rd, Thunder Bay",,unknown,https://gotothunderbay.ca/wp-content/uploads/2026/08/As-of-August-13-2026.pdf,pdf,2026-09-10T20:55:54.670Z,2026-09-10T20:55:54.670Z,active,FALSE,new,Source list updated: June 29 2026 | Source PDF marks some employers in red as not hiring (colour not available in text extract).
thunder-bay|gardewine-trucking-and-general-freight-handling-230mainstreetthunderbay,thunder-bay,Gardewine- Trucking and General Freight Handling,"230 Main Street, Thunder Bay",,unknown,https://gotothunderbay.ca/wp-content/uploads/2026/08/As-of-August-13-2026.pdf,pdf,2026-09-10T20:55:54.670Z,2026-09-10T20:55:54.670Z,active,FALSE,new,Source list updated: June 29 2026 | Source PDF marks some employers in red as not hiring (colour not available in text extract).
thunder-bay|gary-wenzel-electrical-solutions-801gorestwthunderbay,thunder-bay,Gary Wenzel Electrical Solutions,"801 Gore St W, Thunder Bay",,unknown,https://gotothunderbay.ca/wp-content/uploads/2026/08/As-of-August-13-2026.pdf,pdf,2026-09-10T20:55:54.670Z,2026-09-10T20:55:54.670Z,active,FALSE,new,Source list updated: June 29 2026 | Source PDF marks some employers in red as not hiring (colour not available in text extract).
thunder-bay|gateway-casinos-entertainment-ltd-50cumberlandststhunderba,thunder-bay,Gateway Casinos & Entertainment Ltd.,"50 Cumberland St S, Thunder Bay",,unknown,https://gotothunderbay.ca/wp-content/uploads/2026/08/As-of-August-13-2026.pdf,pdf,2026-09-10T20:55:54.670Z,2026-09-10T20:55:54.670Z,active,FALSE,new,Source list updated: June 29 2026 | Source PDF marks some employers in red as not hiring (colour not available in text extract).
thunder-bay|george-jeffrey-children-s-centre-200brockstreeteastthunde,thunder-bay,George Jeffrey Children's Centre,"200 Brock Street East, Thunder Bay",,unknown,https://gotothunderbay.ca/wp-content/uploads/2026/08/As-of-August-13-2026.pdf,pdf,2026-09-10T20:55:54.670Z,2026-09-10T20:55:54.670Z,active,FALSE,new,Source list updated: June 29 2026 | Source PDF marks some employers in red as not hiring (colour not available in text extract).
thunder-bay|gerry-s-driving-academy-270windsoravethunderbay,thunder-bay,Gerry's driving academy,"270 Windsor Ave, Thunder Bay",,unknown,https://gotothunderbay.ca/wp-content/uploads/2026/08/As-of-August-13-2026.pdf,pdf,2026-09-10T20:55:54.670Z,2026-09-10T20:55:54.670Z,active,FALSE,new,Source list updated: June 29 2026 | Source PDF marks some employers in red as not hiring (colour not available in text extract).
thunder-bay|gfl-environmental-3000highway61thunderbay,thunder-bay,GFL Environmental,"3000 Highway 61, Thunder Bay",,unknown,https://gotothunderbay.ca/wp-content/uploads/2026/08/As-of-August-13-2026.pdf,pdf,2026-09-10T20:55:54.670Z,2026-09-10T20:55:54.670Z,active,FALSE,new,Source list updated: June 29 2026 | Source PDF marks some employers in red as not hiring (colour not available in text extract).
thunder-bay|gfl-environmental-services-inc-26haniakroadrosslyn,thunder-bay,GFL Environmental Services Inc,"26 Haniak Road, Rosslyn",,unknown,https://gotothunderbay.ca/wp-content/uploads/2026/08/As-of-August-13-2026.pdf,pdf,2026-09-10T20:55:54.670Z,2026-09-10T20:55:54.670Z,active,FALSE,new,Source list updated: June 29 2026 | Source PDF marks some employers in red as not hiring (colour not available in text extract).
thunder-bay|giorg-114syndicateavenorththun,thunder-bay,Giorg,"114 Syndicate Ave. North, Thunder Bay",,unknown,https://gotothunderbay.ca/wp-content/uploads/2026/08/As-of-August-13-2026.pdf,pdf,2026-09-10T20:55:54.670Z,2026-09-10T20:55:54.670Z,active,FALSE,new,Source list updated: June 29 2026 | Source PDF marks some employers in red as not hiring (colour not available in text extract).
thunder-bay|golden-wok-106mayststhunderbay,thunder-bay,GOLDEN WOK,"106 May St S,Thunder Bay",,unknown,https://gotothunderbay.ca/wp-content/uploads/2026/08/As-of-August-13-2026.pdf,pdf,2026-09-10T20:55:54.670Z,2026-09-10T20:55:54.670Z,active,FALSE,new,Source list updated: June 29 2026 | Source PDF marks some employers in red as not hiring (colour not available in text extract).
thunder-bay|goose-creek-investments-neebing-roadhouse-2121highway61thunderbay,thunder-bay,Goose Creek Investments - Neebing Roadhouse,"2121 Highway 61, Thunder Bay",,unknown,https://gotothunderbay.ca/wp-content/uploads/2026/08/As-of-August-13-2026.pdf,pdf,2026-09-10T20:55:54.670Z,2026-09-10T20:55:54.670Z,active,FALSE,new,Source list updated: June 29 2026 | Source PDF marks some employers in red as not hiring (colour not available in text extract).
thunder-bay|gore-motors-honda-361memorialavethunderbay,thunder-bay,Gore Motors Honda,"361 Memorial Ave, Thunder Bay",,unknown,https://gotothunderbay.ca/wp-content/uploads/2026/08/As-of-August-13-2026.pdf,pdf,2026-09-10T20:55:54.670Z,2026-09-10T20:55:54.670Z,active,FALSE,new,Source list updated: June 29 2026 | Source PDF marks some employers in red as not hiring (colour not available in text extract).
thunder-bay|great-canadian-oil-change-1160memorialavethunderba,thunder-bay,Great Canadian Oil Change,1160 Memorial Ave. Thunder Bay,,unknown,https://gotothunderbay.ca/wp-content/uploads/2026/08/As-of-August-13-2026.pdf,pdf,2026-09-10T20:55:54.670Z,2026-09-10T20:55:54.670Z,active,FALSE,new,Source list updated: June 29 2026 | Source PDF marks some employers in red as not hiring (colour not available in text extract).
thunder-bay|green-mantle-4744highway1117kakabecka,thunder-bay,Green Mantle,4744 Highway 11/17 Kakabecka Falls,,unknown,https://gotothunderbay.ca/wp-content/uploads/2026/08/As-of-August-13-2026.pdf,pdf,2026-09-10T20:55:54.670Z,2026-09-10T20:55:54.670Z,active,FALSE,new,Source list updated: June 29 2026 | Source PDF marks some employers in red as not hiring (colour not available in text extract).
thunder-bay|grenville-wee-wonders-daycare-inc-313grenvilleavethunderba,thunder-bay,Grenville Wee Wonders Daycare Inc.,313 Grenville Ave. Thunder Bay,,unknown,https://gotothunderbay.ca/wp-content/uploads/2026/08/As-of-August-13-2026.pdf,pdf,2026-09-10T20:55:54.670Z,2026-09-10T20:55:54.670Z,active,FALSE,new,Source list updated: June 29 2026 | Source PDF marks some employers in red as not hiring (colour not available in text extract).
thunder-bay|half-way-motors-1989-ltd-halfway-motors-nissan-940memorialavethunderbay,thunder-bay,Half-Way Motors (1989) Ltd.- Halfway Motors Nissan,"940 Memorial Ave, Thunder Bay",,unknown,https://gotothunderbay.ca/wp-content/uploads/2026/08/As-of-August-13-2026.pdf,pdf,2026-09-10T20:55:54.670Z,2026-09-10T20:55:54.670Z,active,FALSE,new,Source list updated: June 29 2026 | Source PDF marks some employers in red as not hiring (colour not available in text extract).
thunder-bay|hampton-inn-suites-by-hilton-thunder-bay-760arthurstreetwestthund,thunder-bay,Hampton Inn & Suites by Hilton Thunder Bay,"760 Arthur Street West, Thunder Bay",,unknown,https://gotothunderbay.ca/wp-content/uploads/2026/08/As-of-August-13-2026.pdf,pdf,2026-09-10T20:55:54.670Z,2026-09-10T20:55:54.670Z,active,FALSE,new,Source list updated: June 29 2026 | Source PDF marks some employers in red as not hiring (colour not available in text extract).
thunder-bay|harbourview-health-facility-ltd-agent-for-dr-lawrence-d-watral-dentist-1221evictoriaavenuethund,thunder-bay,"HARBOURVIEW HEALTH FACILITY LTD.- Agent for Dr. Lawrence D. Watral, Dentist",1221 E. Victoria Avenue Thunder Bay,,unknown,https://gotothunderbay.ca/wp-content/uploads/2026/08/As-of-August-13-2026.pdf,pdf,2026-09-10T20:55:54.670Z,2026-09-10T20:55:54.670Z,active,FALSE,new,Source list updated: June 29 2026 | Source PDF marks some employers in red as not hiring (colour not available in text extract).
thunder-bay|hc-transport-inc-16twincitycrossroadsthun,thunder-bay,HC Transport Inc,"16 Twin City Crossroads, Thunder Bay",,unknown,https://gotothunderbay.ca/wp-content/uploads/2026/08/As-of-August-13-2026.pdf,pdf,2026-09-10T20:55:54.670Z,2026-09-10T20:55:54.670Z,active,FALSE,new,Source list updated: June 29 2026 | Source PDF marks some employers in red as not hiring (colour not available in text extract).
thunder-bay|hearinglife-canada-843redriverroadsuite3thu,thunder-bay,HearingLife Canada,"843 Red River Road, Suite 3, Thunder Bay",,unknown,https://gotothunderbay.ca/wp-content/uploads/2026/08/As-of-August-13-2026.pdf,pdf,2026-09-10T20:55:54.670Z,2026-09-10T20:55:54.670Z,active,FALSE,new,Source list updated: June 29 2026 | Source PDF marks some employers in red as not hiring (colour not available in text extract).
thunder-bay|hill-street-financial-services-dougall-media-87hillstreetnorththunder,thunder-bay,HILL STREET FINANCIAL SERVICES (DOUGALL MEDIA),87 Hill Street North Thunder Bay,,unknown,https://gotothunderbay.ca/wp-content/uploads/2026/08/As-of-August-13-2026.pdf,pdf,2026-09-10T20:55:54.670Z,2026-09-10T20:55:54.670Z,active,FALSE,new,Source list updated: June 29 2026 | Source PDF marks some employers in red as not hiring (colour not available in text extract).
thunder-bay|hillcrest-neighbour-village-inc-96highstreetnorththunder,thunder-bay,HILLCREST NEIGHBOUR VILLAGE INC,"96 HIGH STREET NORTH, Thunder Bay",,unknown,https://gotothunderbay.ca/wp-content/uploads/2026/08/As-of-August-13-2026.pdf,pdf,2026-09-10T20:55:54.670Z,2026-09-10T20:55:54.670Z,active,FALSE,new,Source list updated: June 29 2026 | Source PDF marks some employers in red as not hiring (colour not available in text extract).
thunder-bay|home-depot-359mainstreetthunderbay,thunder-bay,Home Depot,"359 Main Street, Thunder Bay",,unknown,https://gotothunderbay.ca/wp-content/uploads/2026/08/As-of-August-13-2026.pdf,pdf,2026-09-10T20:55:54.670Z,2026-09-10T20:55:54.670Z,active,FALSE,new,Source list updated: June 29 2026 | Source PDF marks some employers in red as not hiring (colour not available in text extract).
thunder-bay|home-ec-restaurant-group-tomlin-28cumberlandstthunderbay,thunder-bay,Home Ec. Restaurant Group (Tomlin),"28 Cumberland St, Thunder Bay",,unknown,https://gotothunderbay.ca/wp-content/uploads/2026/08/As-of-August-13-2026.pdf,pdf,2026-09-10T20:55:54.670Z,2026-09-10T20:55:54.670Z,active,FALSE,new,Source list updated: June 29 2026 | Source PDF marks some employers in red as not hiring (colour not available in text extract).
thunder-bay|home2-suites-by-hilton-thunder-bay-740arthurstreetwestthund,thunder-bay,Home2 Suites by Hilton Thunder Bay,"740 Arthur Street West, Thunder Bay",,unknown,https://gotothunderbay.ca/wp-content/uploads/2026/08/As-of-August-13-2026.pdf,pdf,2026-09-10T20:55:54.670Z,2026-09-10T20:55:54.670Z,active,FALSE,new,Source list updated: June 29 2026 | Source PDF marks some employers in red as not hiring (colour not available in text extract).
thunder-bay|howard-johnson-by-wyndham-thunder-bay-686memorialavethunderbay,thunder-bay,Howard Johnson by Wyndham Thunder Bay,"686 Memorial Ave, Thunder Bay",,unknown,https://gotothunderbay.ca/wp-content/uploads/2026/08/As-of-August-13-2026.pdf,pdf,2026-09-10T20:55:54.670Z,2026-09-10T20:55:54.670Z,active,FALSE,new,Source list updated: June 29 2026 | Source PDF marks some employers in red as not hiring (colour not available in text extract).
thunder-bay|hpg-231redriverroadthunderba,thunder-bay,HPG,"231 Red River Road, Thunder Bay",,unknown,https://gotothunderbay.ca/wp-content/uploads/2026/08/As-of-August-13-2026.pdf,pdf,2026-09-10T20:55:54.670Z,2026-09-10T20:55:54.670Z,active,FALSE,new,Source list updated: June 29 2026 | Source PDF marks some employers in red as not hiring (colour not available in text extract).
thunder-bay|ingaged-creative-productions-inc-610simpsonstthunderbay,thunder-bay,Ingaged Creative Productions Inc.,610 Simpson St. Thunder Bay,,unknown,https://gotothunderbay.ca/wp-content/uploads/2026/08/As-of-August-13-2026.pdf,pdf,2026-09-10T20:55:54.670Z,2026-09-10T20:55:54.670Z,active,FALSE,new,Source list updated: June 29 2026 | Source PDF marks some employers in red as not hiring (colour not available in text extract).
thunder-bay|inspired-cabinetry-granite-inc-146gorestwestthunderbay,thunder-bay,Inspired Cabinetry & Granite Inc,"146 Gore St West, Thunder Bay",,unknown,https://gotothunderbay.ca/wp-content/uploads/2026/08/As-of-August-13-2026.pdf,pdf,2026-09-10T20:55:54.670Z,2026-09-10T20:55:54.670Z,active,FALSE,new,Source list updated: June 29 2026 | Source PDF marks some employers in red as not hiring (colour not available in text extract).
thunder-bay|jaclyn-ritson-pharmacy-limited-shoppers-drug-mark-300-memorial-300memorialavenuethunder,thunder-bay,Jaclyn Ritson Pharmacy Limited- Shoppers Drug Mark (300 Memorial),300 Memorial Avenue Thunder Bay,,unknown,https://gotothunderbay.ca/wp-content/uploads/2026/08/As-of-August-13-2026.pdf,pdf,2026-09-10T20:55:54.670Z,2026-09-10T20:55:54.670Z,active,FALSE,new,Source list updated: June 29 2026 | Source PDF marks some employers in red as not hiring (colour not available in text extract).
thunder-bay|janzen-s-pharmacy-the-link-on-lillie-st-300lilliestnthunderbay,thunder-bay,Janzen's Pharmacy - The Link on Lillie St.,"300 Lillie St N, Thunder Bay",,unknown,https://gotothunderbay.ca/wp-content/uploads/2026/08/As-of-August-13-2026.pdf,pdf,2026-09-10T20:55:54.670Z,2026-09-10T20:55:54.670Z,active,FALSE,new,Source list updated: June 29 2026 | Source PDF marks some employers in red as not hiring (colour not available in text extract).
thunder-bay|jennifer-sullivan-psychology-professional-corporation-sullivan-associates-clinic-960alloydrivethunderbay,thunder-bay,Jennifer Sullivan Psychology Professional Corporation- Sullivan + Associates Clinical Psychology,"960 Alloy Drive, Thunder Bay",,unknown,https://gotothunderbay.ca/wp-content/uploads/2026/08/As-of-August-13-2026.pdf,pdf,2026-09-10T20:55:54.670Z,2026-09-10T20:55:54.670Z,active,FALSE,new,Source list updated: June 29 2026 | Source PDF marks some employers in red as not hiring (colour not available in text extract).
thunder-bay|jf-cleaning-and-protection-inc-376memorialavethunderbay,thunder-bay,JF Cleaning and Protection Inc.,"376 Memorial Ave., Thunder Bay",,unknown,https://gotothunderbay.ca/wp-content/uploads/2026/08/As-of-August-13-2026.pdf,pdf,2026-09-10T20:55:54.670Z,2026-09-10T20:55:54.670Z,active,FALSE,new,Source list updated: June 29 2026 | Source PDF marks some employers in red as not hiring (colour not available in text extract).
thunder-bay|jks-enterprises-diamond-taxi-113leithstreetthunderbay,thunder-bay,JKS Enterprises - DIAMOND TAXI,"113 Leith Street, Thunder Bay",,unknown,https://gotothunderbay.ca/wp-content/uploads/2026/08/As-of-August-13-2026.pdf,pdf,2026-09-10T20:55:54.670Z,2026-09-10T20:55:54.670Z,active,FALSE,new,Source list updated: June 29 2026 | Source PDF marks some employers in red as not hiring (colour not available in text extract).
thunder-bay|jones-insurance-521memorialavenuethunder,thunder-bay,Jones Insurance,521 Memorial Avenue Thunder Bay,,unknown,https://gotothunderbay.ca/wp-content/uploads/2026/08/As-of-August-13-2026.pdf,pdf,2026-09-10T20:55:54.670Z,2026-09-10T20:55:54.670Z,active,FALSE,new,Source list updated: June 29 2026 | Source PDF marks some employers in red as not hiring (colour not available in text extract).
thunder-bay|jordan-lot-88-45courtstreetsouththunde,thunder-bay,Jordan- Lot 88,"45 Court Street South, Thunder Bay",,unknown,https://gotothunderbay.ca/wp-content/uploads/2026/08/As-of-August-13-2026.pdf,pdf,2026-09-10T20:55:54.670Z,2026-09-10T20:55:54.670Z,active,FALSE,new,Source list updated: June 29 2026 | Source PDF marks some employers in red as not hiring (colour not available in text extract).
thunder-bay|kal-tire-590centralavethunderbay,thunder-bay,Kal Tire,590 CENTRAL AVE Thunder Bay,,unknown,https://gotothunderbay.ca/wp-content/uploads/2026/08/As-of-August-13-2026.pdf,pdf,2026-09-10T20:55:54.670Z,2026-09-10T20:55:54.670Z,active,FALSE,new,Source list updated: June 29 2026 | Source PDF marks some employers in red as not hiring (colour not available in text extract).
thunder-bay|ka-na-chi-hih-healing-lodge-920tungstenstreetthunder,thunder-bay,Ka-Na-Chi-Hih Healing Lodge,"920 Tungsten Street, Thunder Bay",,unknown,https://gotothunderbay.ca/wp-content/uploads/2026/08/As-of-August-13-2026.pdf,pdf,2026-09-10T20:55:54.670Z,2026-09-10T20:55:54.670Z,active,FALSE,new,Source list updated: June 29 2026 | Source PDF marks some employers in red as not hiring (colour not available in text extract).
thunder-bay|karen-beauchamp-professional-corporation-105920tungstenstreetthun,thunder-bay,KAREN BEAUCHAMP PROFESSIONAL CORPORATION,"105-920 TUNGSTEN STREET, Thunder Bay",,unknown,https://gotothunderbay.ca/wp-content/uploads/2026/08/As-of-August-13-2026.pdf,pdf,2026-09-10T20:55:54.670Z,2026-09-10T20:55:54.670Z,active,FALSE,new,Source list updated: June 29 2026 | Source PDF marks some employers in red as not hiring (colour not available in text extract).
thunder-bay|karen-hill-personal-real-estate-corp-karen-hill-realty-1002715hewitsonstthunder,thunder-bay,Karen Hill Personal Real Estate Corp -Karen Hill Realty,1002 - 715 Hewitson St Thunder Bay,,unknown,https://gotothunderbay.ca/wp-content/uploads/2026/08/As-of-August-13-2026.pdf,pdf,2026-09-10T20:55:54.670Z,2026-09-10T20:55:54.670Z,active,FALSE,new,Source list updated: June 29 2026 | Source PDF marks some employers in red as not hiring (colour not available in text extract).
thunder-bay|kasper-bus-lines-947memorialavethunderbay,thunder-bay,KASPER BUS LINES,"947 Memorial Ave, Thunder Bay",,unknown,https://gotothunderbay.ca/wp-content/uploads/2026/08/As-of-August-13-2026.pdf,pdf,2026-09-10T20:55:54.670Z,2026-09-10T20:55:54.670Z,active,FALSE,new,Source list updated: June 29 2026 | Source PDF marks some employers in red as not hiring (colour not available in text extract).
thunder-bay|kavuru-s-indian-bistro-250redriverroadthunderba,thunder-bay,Kavuru's Indian Bistro,"250 RedRiver road, Thunder Bay",,unknown,https://gotothunderbay.ca/wp-content/uploads/2026/08/As-of-August-13-2026.pdf,pdf,2026-09-10T20:55:54.670Z,2026-09-10T20:55:54.670Z,active,FALSE,new,Source list updated: June 29 2026 | Source PDF marks some employers in red as not hiring (colour not available in text extract).
thunder-bay|kelly-s-nutrition-centre-820redriverroadthunderba,thunder-bay,Kelly's Nutrition Centre,"820 Red River Road, Thunder Bay",,unknown,https://gotothunderbay.ca/wp-content/uploads/2026/08/As-of-August-13-2026.pdf,pdf,2026-09-10T20:55:54.670Z,2026-09-10T20:55:54.670Z,active,FALSE,new,Source list updated: June 29 2026 | Source PDF marks some employers in red as not hiring (colour not available in text extract).
thunder-bay|kelseys-original-roadhouse-805memorialavethunderbay,thunder-bay,KELSEYS Original Roadhouse,"805 Memorial Ave., Thunder Bay",,unknown,https://gotothunderbay.ca/wp-content/uploads/2026/08/As-of-August-13-2026.pdf,pdf,2026-09-10T20:55:54.670Z,2026-09-10T20:55:54.670Z,active,FALSE,new,Source list updated: June 29 2026 | Source PDF marks some employers in red as not hiring (colour not available in text extract).
thunder-bay|kinderplace-childcare-centre-inc-1000huronavethunderbay,thunder-bay,Kinderplace Childcare Centre Inc,1000 Huron Ave. Thunder Bay,,unknown,https://gotothunderbay.ca/wp-content/uploads/2026/08/As-of-August-13-2026.pdf,pdf,2026-09-10T20:55:54.670Z,2026-09-10T20:55:54.670Z,active,FALSE,new,Source list updated: June 29 2026 | Source PDF marks some employers in red as not hiring (colour not available in text extract).
thunder-bay|kingsway-inn-motel-345kingswaythunderbay,thunder-bay,Kingsway Inn Motel,345 Kingsway Thunder Bay,,unknown,https://gotothunderbay.ca/wp-content/uploads/2026/08/As-of-August-13-2026.pdf,pdf,2026-09-10T20:55:54.670Z,2026-09-10T20:55:54.670Z,active,FALSE,new,Source list updated: June 29 2026 | Source PDF marks some employers in red as not hiring (colour not available in text extract).
thunder-bay|kurves-brow-bar-1000fortwilliamroadthund,thunder-bay,Kurves Brow Bar,"1000 Fort William Road, Thunder Bay",,unknown,https://gotothunderbay.ca/wp-content/uploads/2026/08/As-of-August-13-2026.pdf,pdf,2026-09-10T20:55:54.670Z,2026-09-10T20:55:54.670Z,active,FALSE,new,Source list updated: June 29 2026 | Source PDF marks some employers in red as not hiring (colour not available in text extract).
thunder-bay|lakehead-district-school-board-2135sillsstthunderbay,thunder-bay,Lakehead District School Board,2135 Sills St. Thunder Bay,,unknown,https://gotothunderbay.ca/wp-content/uploads/2026/08/As-of-August-13-2026.pdf,pdf,2026-09-10T20:55:54.670Z,2026-09-10T20:55:54.670Z,active,FALSE,new,Source list updated: June 29 2026 | Source PDF marks some employers in red as not hiring (colour not available in text extract).
thunder-bay|lakehead-freightways-inc-161mainstreetthunderbay,thunder-bay,Lakehead Freightways Inc.,"161 Main Street, Thunder Bay",,unknown,https://gotothunderbay.ca/wp-content/uploads/2026/08/As-of-August-13-2026.pdf,pdf,2026-09-10T20:55:54.670Z,2026-09-10T20:55:54.670Z,active,FALSE,new,Source list updated: June 29 2026 | Source PDF marks some employers in red as not hiring (colour not available in text extract).
thunder-bay|lakehead-roofing-metal-cladding-ltd-1190russellstreetthunder,thunder-bay,Lakehead Roofing & Metal Cladding Ltd.,"1190 Russell Street, Thunder Bay",,unknown,https://gotothunderbay.ca/wp-content/uploads/2026/08/As-of-August-13-2026.pdf,pdf,2026-09-10T20:55:54.670Z,2026-09-10T20:55:54.670Z,active,FALSE,new,Source list updated: June 29 2026 | Source PDF marks some employers in red as not hiring (colour not available in text extract).
thunder-bay|lakehead-social-planning-council-lspc-125syndicateavesvictoria,thunder-bay,Lakehead Social Planning Council (LSPC),"125 SYNDICATE AVE. S, VICTORIA MALL, THUNDER BAY",,unknown,https://gotothunderbay.ca/wp-content/uploads/2026/08/As-of-August-13-2026.pdf,pdf,2026-09-10T20:55:54.670Z,2026-09-10T20:55:54.670Z,active,FALSE,new,Source list updated: June 29 2026 | Source PDF marks some employers in red as not hiring (colour not available in text extract).
thunder-bay|lakehead-university-955oliverrdthunderbay,thunder-bay,Lakehead University,"955 Oliver Rd, Thunder Bay",,unknown,https://gotothunderbay.ca/wp-content/uploads/2026/08/As-of-August-13-2026.pdf,pdf,2026-09-10T20:55:54.670Z,2026-09-10T20:55:54.670Z,active,FALSE,new,Source list updated: June 29 2026 | Source PDF marks some employers in red as not hiring (colour not available in text extract).
thunder-bay|lakehead-university-student-union-955oliverroadthunderbay,thunder-bay,Lakehead University Student Union,"955 Oliver Road, Thunder Bay",,unknown,https://gotothunderbay.ca/wp-content/uploads/2026/08/As-of-August-13-2026.pdf,pdf,2026-09-10T20:55:54.670Z,2026-09-10T20:55:54.670Z,active,FALSE,new,Source list updated: June 29 2026 | Source PDF marks some employers in red as not hiring (colour not available in text extract).
thunder-bay|land-of-spices-707memorialavenueunit1th,thunder-bay,LAND OF SPICES,"707 Memorial Avenue, Unit 1, Thunder Bay",,unknown,https://gotothunderbay.ca/wp-content/uploads/2026/08/As-of-August-13-2026.pdf,pdf,2026-09-10T20:55:54.670Z,2026-09-10T20:55:54.670Z,active,FALSE,new,Source list updated: June 29 2026 | Source PDF marks some employers in red as not hiring (colour not available in text extract).
thunder-bay|landmark-inn-limited-partnership-1010dawsonrdthunderbay,thunder-bay,Landmark Inn Limited Partnership,1010 Dawson Rd; Thunder Bay,,unknown,https://gotothunderbay.ca/wp-content/uploads/2026/08/As-of-August-13-2026.pdf,pdf,2026-09-10T20:55:54.670Z,2026-09-10T20:55:54.670Z,active,FALSE,new,Source list updated: June 29 2026 | Source PDF marks some employers in red as not hiring (colour not available in text extract).
thunder-bay|langen-glass-248secordstreetthunderba,thunder-bay,Langen Glass,"248 Secord Street, Thunder Bay",,unknown,https://gotothunderbay.ca/wp-content/uploads/2026/08/As-of-August-13-2026.pdf,pdf,2026-09-10T20:55:54.670Z,2026-09-10T20:55:54.670Z,active,FALSE,new,Source list updated: June 29 2026 | Source PDF marks some employers in red as not hiring (colour not available in text extract).
thunder-bay|laurence-management-group-ltd-350countyblvdthunderbay,thunder-bay,Laurence Management Group Ltd.,"350 County Blvd, Thunder Bay",,unknown,https://gotothunderbay.ca/wp-content/uploads/2026/08/As-of-August-13-2026.pdf,pdf,2026-09-10T20:55:54.670Z,2026-09-10T20:55:54.670Z,active,FALSE,new,Source list updated: June 29 2026 | Source PDF marks some employers in red as not hiring (colour not available in text extract).
thunder-bay|levaero-aviation-2039derekburneydrthunder,thunder-bay,Levaero Aviation,"2039 Derek Burney Dr, Thunder Bay",,unknown,https://gotothunderbay.ca/wp-content/uploads/2026/08/As-of-August-13-2026.pdf,pdf,2026-09-10T20:55:54.670Z,2026-09-10T20:55:54.670Z,active,FALSE,new,Source list updated: June 29 2026 | Source PDF marks some employers in red as not hiring (colour not available in text extract).
thunder-bay|lifelabs-lp-1040oliverroadthunderbay,thunder-bay,LifeLabs LP,"1040 Oliver Road, Thunder Bay",,unknown,https://gotothunderbay.ca/wp-content/uploads/2026/08/As-of-August-13-2026.pdf,pdf,2026-09-10T20:55:54.670Z,2026-09-10T20:55:54.670Z,active,FALSE,new,Source list updated: June 29 2026 | Source PDF marks some employers in red as not hiring (colour not available in text extract).
thunder-bay|little-george-s-child-care-centre-110sherbrookestreetthund,thunder-bay,Little George's Child Care Centre,"110 Sherbrooke Street, Thunder Bay ON",,unknown,https://gotothunderbay.ca/wp-content/uploads/2026/08/As-of-August-13-2026.pdf,pdf,2026-09-10T20:55:54.670Z,2026-09-10T20:55:54.670Z,active,FALSE,new,Source list updated: June 29 2026 | Source PDF marks some employers in red as not hiring (colour not available in text extract).
thunder-bay|little-lions-child-and-family-centre-211clarkestthunderbay,thunder-bay,Little Lions Child and Family Centre,"211 Clarke St., Thunder Bay",,unknown,https://gotothunderbay.ca/wp-content/uploads/2026/08/As-of-August-13-2026.pdf,pdf,2026-09-10T20:55:54.670Z,2026-09-10T20:55:54.670Z,active,FALSE,new,Source list updated: June 29 2026 | Source PDF marks some employers in red as not hiring (colour not available in text extract).
thunder-bay|lowerys-limited-540centralavenuethunderb,thunder-bay,"Lowerys, Limited","540 Central Avenue, Thunder Bay",,unknown,https://gotothunderbay.ca/wp-content/uploads/2026/08/As-of-August-13-2026.pdf,pdf,2026-09-10T20:55:54.670Z,2026-09-10T20:55:54.670Z,active,FALSE,new,Source list updated: June 29 2026 | Source PDF marks some employers in red as not hiring (colour not available in text extract).
thunder-bay|ltl-contracting-ltd-227hwy527shuniah,thunder-bay,LTL Contracting LTD,"227 HWY 527, Shuniah",,unknown,https://gotothunderbay.ca/wp-content/uploads/2026/08/As-of-August-13-2026.pdf,pdf,2026-09-10T20:55:54.670Z,2026-09-10T20:55:54.670Z,active,FALSE,new,Source list updated: June 29 2026 | Source PDF marks some employers in red as not hiring (colour not available in text extract).
thunder-bay|m-builds-general-contractors-955cobaltcrescentthunder,thunder-bay,M Builds - General Contractors,955 Cobalt Crescent Thunder Bay,,unknown,https://gotothunderbay.ca/wp-content/uploads/2026/08/As-of-August-13-2026.pdf,pdf,2026-09-10T20:55:54.670Z,2026-09-10T20:55:54.670Z,active,FALSE,new,Source list updated: June 29 2026 | Source PDF marks some employers in red as not hiring (colour not available in text extract).
thunder-bay|mahmowenchike-family-development-centre-150redwoodavenuewestthun,thunder-bay,Mahmowenchike Family Development Centre,"150 Redwood Avenue West, Thunder Bay",,unknown,https://gotothunderbay.ca/wp-content/uploads/2026/08/As-of-August-13-2026.pdf,pdf,2026-09-10T20:55:54.670Z,2026-09-10T20:55:54.670Z,active,FALSE,new,Source list updated: June 29 2026 | Source PDF marks some employers in red as not hiring (colour not available in text extract).
thunder-bay|mahon-electric-company-limited-635mountdaleavethunderba,thunder-bay,Mahon Electric Company Limited,"635 MOUNTDALE AVE, Thunder Bay",,unknown,https://gotothunderbay.ca/wp-content/uploads/2026/08/As-of-August-13-2026.pdf,pdf,2026-09-10T20:55:54.670Z,2026-09-10T20:55:54.670Z,active,FALSE,new,Source list updated: June 29 2026 | Source PDF marks some employers in red as not hiring (colour not available in text extract).
thunder-bay|maintair-aviation-305hectordougallwaythund,thunder-bay,Maintair Aviation,"305 Hector Dougall Way, Thunder Bay",,unknown,https://gotothunderbay.ca/wp-content/uploads/2026/08/As-of-August-13-2026.pdf,pdf,2026-09-10T20:55:54.670Z,2026-09-10T20:55:54.670Z,active,FALSE,new,Source list updated: June 29 2026 | Source PDF marks some employers in red as not hiring (colour not available in text extract).
thunder-bay|maltese-grocery-ltd-301pearlstreetthunderbay,thunder-bay,MALTESE GROCERY LTD,"301 Pearl Street, Thunder Bay",,unknown,https://gotothunderbay.ca/wp-content/uploads/2026/08/As-of-August-13-2026.pdf,pdf,2026-09-10T20:55:54.670Z,2026-09-10T20:55:54.670Z,active,FALSE,new,Source list updated: June 29 2026 | Source PDF marks some employers in red as not hiring (colour not available in text extract).
thunder-bay|mario-s-bowl-710memorialavenuethunder,thunder-bay,Mario's Bowl,"710 Memorial Avenue, Thunder Bay",,unknown,https://gotothunderbay.ca/wp-content/uploads/2026/08/As-of-August-13-2026.pdf,pdf,2026-09-10T20:55:54.670Z,2026-09-10T20:55:54.670Z,active,FALSE,new,Source list updated: June 29 2026 | Source PDF marks some employers in red as not hiring (colour not available in text extract).
thunder-bay|marnics-910memorialavethunderbay,thunder-bay,Marnics,"910 Memorial Ave, Thunder Bay",,unknown,https://gotothunderbay.ca/wp-content/uploads/2026/08/As-of-August-13-2026.pdf,pdf,2026-09-10T20:55:54.670Z,2026-09-10T20:55:54.670Z,active,FALSE,new,Source list updated: June 29 2026 | Source PDF marks some employers in red as not hiring (colour not available in text extract).
thunder-bay|marten-falls-first-nation-57711thavenuethunderbay,thunder-bay,MARTEN FALLS FIRST NATION,"577 11TH AVENUE, Thunder Bay",,unknown,https://gotothunderbay.ca/wp-content/uploads/2026/08/As-of-August-13-2026.pdf,pdf,2026-09-10T20:55:54.670Z,2026-09-10T20:55:54.670Z,active,FALSE,new,Source list updated: June 29 2026 | Source PDF marks some employers in red as not hiring (colour not available in text extract).
thunder-bay|matawa-first-nations-management-200nlilliestthunderbay,thunder-bay,Matawa First Nations Management,"200 N Lillie st, Thunder Bay",,unknown,https://gotothunderbay.ca/wp-content/uploads/2026/08/As-of-August-13-2026.pdf,pdf,2026-09-10T20:55:54.670Z,2026-09-10T20:55:54.670Z,active,FALSE,new,Source list updated: June 29 2026 | Source PDF marks some employers in red as not hiring (colour not available in text extract).
thunder-bay|maverick-av-1543arthursteastthunderb,thunder-bay,Maverick AV,1543 Arthur St East Thunder Bay,,unknown,https://gotothunderbay.ca/wp-content/uploads/2026/08/As-of-August-13-2026.pdf,pdf,2026-09-10T20:55:54.670Z,2026-09-10T20:55:54.670Z,active,FALSE,new,Source list updated: June 29 2026 | Source PDF marks some employers in red as not hiring (colour not available in text extract).
thunder-bay|medical-diagnostics-consulting-1820redriverroadthunderb,thunder-bay,Medical Diagnostics & Consulting,"1-820 Red River Road, Thunder Bay",,unknown,https://gotothunderbay.ca/wp-content/uploads/2026/08/As-of-August-13-2026.pdf,pdf,2026-09-10T20:55:54.670Z,2026-09-10T20:55:54.670Z,active,FALSE,new,Source list updated: June 29 2026 | Source PDF marks some employers in red as not hiring (colour not available in text extract).
thunder-bay|medical-esthetics-thunder-bay-215redriverrdthunderbay,thunder-bay,Medical Esthetics Thunder Bay,"215 red river rd, Thunder Bay",,unknown,https://gotothunderbay.ca/wp-content/uploads/2026/08/As-of-August-13-2026.pdf,pdf,2026-09-10T20:55:54.670Z,2026-09-10T20:55:54.670Z,active,FALSE,new,Source list updated: June 29 2026 | Source PDF marks some employers in red as not hiring (colour not available in text extract).
thunder-bay|medical-esthetics-thunder-bay-215redriverrd,thunder-bay,Medical Esthetics Thunder Bay,215 red river rd,,unknown,https://gotothunderbay.ca/wp-content/uploads/2026/08/As-of-August-13-2026.pdf,pdf,2026-09-10T20:55:54.670Z,2026-09-10T20:55:54.670Z,active,FALSE,new,Source list updated: June 29 2026 | Source PDF marks some employers in red as not hiring (colour not available in text extract).
thunder-bay|memorial-home-hardware-building-centre-901memorialavethunderbay,thunder-bay,Memorial Home Hardware Building Centre,901 Memorial Ave. Thunder Bay,,unknown,https://gotothunderbay.ca/wp-content/uploads/2026/08/As-of-August-13-2026.pdf,pdf,2026-09-10T20:55:54.670Z,2026-09-10T20:55:54.670Z,active,FALSE,new,Source list updated: June 29 2026 | Source PDF marks some employers in red as not hiring (colour not available in text extract).
thunder-bay|mid-canada-truck-services-inc-maxim-truck-trailer-125conservationroadthund,thunder-bay,Mid-Canada Truck Services Inc. - Maxim Truck & Trailer,125 Conservation Road Thunder Bay,,unknown,https://gotothunderbay.ca/wp-content/uploads/2026/08/As-of-August-13-2026.pdf,pdf,2026-09-10T20:55:54.670Z,2026-09-10T20:55:54.670Z,active,FALSE,new,Source list updated: June 29 2026 | Source PDF marks some employers in red as not hiring (colour not available in text extract).
thunder-bay|mike-s-roadhouse-1021carrickstreetthunder,thunder-bay,Mike's Roadhouse,"1021 Carrick Street, Thunder Bay",,unknown,https://gotothunderbay.ca/wp-content/uploads/2026/08/As-of-August-13-2026.pdf,pdf,2026-09-10T20:55:54.670Z,2026-09-10T20:55:54.670Z,active,FALSE,new,Source list updated: June 29 2026 | Source PDF marks some employers in red as not hiring (colour not available in text extract).
thunder-bay|mileage-auto-plus-230simpsonstreetthunderb,thunder-bay,mileage auto plus,"230 simpson street, Thunder Bay",,unknown,https://gotothunderbay.ca/wp-content/uploads/2026/08/As-of-August-13-2026.pdf,pdf,2026-09-10T20:55:54.670Z,2026-09-10T20:55:54.670Z,active,FALSE,new,Source list updated: June 29 2026 | Source PDF marks some employers in red as not hiring (colour not available in text extract).
thunder-bay|miller-precast-58cooperroadthunderbay,thunder-bay,Miller Precast,"58 Cooper Road, Thunder Bay",,unknown,https://gotothunderbay.ca/wp-content/uploads/2026/08/As-of-August-13-2026.pdf,pdf,2026-09-10T20:55:54.670Z,2026-09-10T20:55:54.670Z,active,FALSE,new,Source list updated: June 29 2026 | Source PDF marks some employers in red as not hiring (colour not available in text extract).
thunder-bay|ministry-of-natural-resources-435jamesstreetsouththund,thunder-bay,Ministry of Natural Resources,"435 James Street South, Thunder Bay",,unknown,https://gotothunderbay.ca/wp-content/uploads/2026/08/As-of-August-13-2026.pdf,pdf,2026-09-10T20:55:54.670Z,2026-09-10T20:55:54.670Z,active,FALSE,new,Source list updated: June 29 2026 | Source PDF marks some employers in red as not hiring (colour not available in text extract).
thunder-bay|ministry-of-transportation-airports-office-623jamesststhunderbay,thunder-bay,Ministry of Transportation - Airports Office,"623 James St. S., Thunder Bay",,unknown,https://gotothunderbay.ca/wp-content/uploads/2026/08/As-of-August-13-2026.pdf,pdf,2026-09-10T20:55:54.670Z,2026-09-10T20:55:54.670Z,active,FALSE,new,Source list updated: June 29 2026 | Source PDF marks some employers in red as not hiring (colour not available in text extract).
thunder-bay|mnp-1205amberdrivesuite210th,thunder-bay,MNP,"1205 Amber Drive, Suite 210, Thunder Bay",,unknown,https://gotothunderbay.ca/wp-content/uploads/2026/08/As-of-August-13-2026.pdf,pdf,2026-09-10T20:55:54.670Z,2026-09-10T20:55:54.670Z,active,FALSE,new,Source list updated: June 29 2026 | Source PDF marks some employers in red as not hiring (colour not available in text extract).
thunder-bay|mobileklinik-1000fortwilliamroadthund,thunder-bay,MobileKlinik,"1000 Fort William Road, Thunder Bay",,unknown,https://gotothunderbay.ca/wp-content/uploads/2026/08/As-of-August-13-2026.pdf,pdf,2026-09-10T20:55:54.670Z,2026-09-10T20:55:54.670Z,active,FALSE,new,Source list updated: June 29 2026 | Source PDF marks some employers in red as not hiring (colour not available in text extract).
thunder-bay|modbox-modular-1820baileyavethunderbay,thunder-bay,Modbox Modular,"1820 Bailey Ave, Thunder Bay",,unknown,https://gotothunderbay.ca/wp-content/uploads/2026/08/As-of-August-13-2026.pdf,pdf,2026-09-10T20:55:54.670Z,2026-09-10T20:55:54.670Z,active,FALSE,new,Source list updated: June 29 2026 | Source PDF marks some employers in red as not hiring (colour not available in text extract).
thunder-bay|modstruct-inc-1820baileyavethunderbay,thunder-bay,Modstruct Inc,"1820 Bailey Ave, Thunder Bay",,unknown,https://gotothunderbay.ca/wp-content/uploads/2026/08/As-of-August-13-2026.pdf,pdf,2026-09-10T20:55:54.670Z,2026-09-10T20:55:54.670Z,active,FALSE,new,Source list updated: June 29 2026 | Source PDF marks some employers in red as not hiring (colour not available in text extract).
thunder-bay|mongo-s-grill-1075memorialavethunderba,thunder-bay,Mongo's Grill,"1075 Memorial Ave, Thunder Bay",,unknown,https://gotothunderbay.ca/wp-content/uploads/2026/08/As-of-August-13-2026.pdf,pdf,2026-09-10T20:55:54.670Z,2026-09-10T20:55:54.670Z,active,FALSE,new,Source list updated: June 29 2026 | Source PDF marks some employers in red as not hiring (colour not available in text extract).
thunder-bay|monsoon-tandoor-fresh-588arthurstreetwestunit4,thunder-bay,Monsoon Tandoor Fresh,588 Arthur street west unit 4 Thunder Bay,,unknown,https://gotothunderbay.ca/wp-content/uploads/2026/08/As-of-August-13-2026.pdf,pdf,2026-09-10T20:55:54.670Z,2026-09-10T20:55:54.670Z,active,FALSE,new,Source list updated: June 29 2026 | Source PDF marks some employers in red as not hiring (colour not available in text extract).
thunder-bay|montana-s-bbq-bar-615sibleydrivethunderbay,thunder-bay,Montana's BBQ & Bar,"615 Sibley Drive, Thunder Bay",,unknown,https://gotothunderbay.ca/wp-content/uploads/2026/08/As-of-August-13-2026.pdf,pdf,2026-09-10T20:55:54.670Z,2026-09-10T20:55:54.670Z,active,FALSE,new,Source list updated: June 29 2026 | Source PDF marks some employers in red as not hiring (colour not available in text extract).
thunder-bay|monty-s-joint-513victoriaavenueethunde,thunder-bay,Monty's Joint,513 Victoria Avenue E. Thunder Bay,,unknown,https://gotothunderbay.ca/wp-content/uploads/2026/08/As-of-August-13-2026.pdf,pdf,2026-09-10T20:55:54.670Z,2026-09-10T20:55:54.670Z,active,FALSE,new,Source list updated: June 29 2026 | Source PDF marks some employers in red as not hiring (colour not available in text extract).
thunder-bay|motion-lp-1154rolandstthunderbay,thunder-bay,Motion LP,"1154 Roland St, Thunder Bay",,unknown,https://gotothunderbay.ca/wp-content/uploads/2026/08/As-of-August-13-2026.pdf,pdf,2026-09-10T20:55:54.670Z,2026-09-10T20:55:54.670Z,active,FALSE,new,Source list updated: June 29 2026 | Source PDF marks some employers in red as not hiring (colour not available in text extract).
thunder-bay|movati-athletic-1185arthurstwthunderbay,thunder-bay,MOVATI Athletic,"1185 Arthur St W, Thunder Bay",,unknown,https://gotothunderbay.ca/wp-content/uploads/2026/08/As-of-August-13-2026.pdf,pdf,2026-09-10T20:55:54.670Z,2026-09-10T20:55:54.670Z,active,FALSE,new,Source list updated: June 29 2026 | Source PDF marks some employers in red as not hiring (colour not available in text extract).
thunder-bay|muhiuddin-ahmad-fenix-maintenance-401universitydrivethunde,thunder-bay,MUHIUDDIN AHMAD / FENIX MAINTENANCE,"401 University Drive, Thunder Bay",,unknown,https://gotothunderbay.ca/wp-content/uploads/2026/08/As-of-August-13-2026.pdf,pdf,2026-09-10T20:55:54.670Z,2026-09-10T20:55:54.670Z,active,FALSE,new,Source list updated: June 29 2026 | Source PDF marks some employers in red as not hiring (colour not available in text extract).
thunder-bay|murillo-millwoks-2rubinparkmurillo,thunder-bay,Murillo Millwoks,"2 Rubin Park, Murillo",,unknown,https://gotothunderbay.ca/wp-content/uploads/2026/08/As-of-August-13-2026.pdf,pdf,2026-09-10T20:55:54.670Z,2026-09-10T20:55:54.670Z,active,FALSE,new,Source list updated: June 29 2026 | Source PDF marks some employers in red as not hiring (colour not available in text extract).
thunder-bay|nanabijou-childcare-centre-965oliverroadthunderbay,thunder-bay,Nanabijou Childcare Centre,"965 Oliver Road, Thunder Bay",,unknown,https://gotothunderbay.ca/wp-content/uploads/2026/08/As-of-August-13-2026.pdf,pdf,2026-09-10T20:55:54.670Z,2026-09-10T20:55:54.670Z,active,FALSE,new,Source list updated: June 29 2026 | Source PDF marks some employers in red as not hiring (colour not available in text extract).
thunder-bay|narvi-s-auto-service-918alloydrivethunderbay,thunder-bay,Narvi's Auto Service,"918 Alloy Drive, Thunder Bay",,unknown,https://gotothunderbay.ca/wp-content/uploads/2026/08/As-of-August-13-2026.pdf,pdf,2026-09-10T20:55:54.670Z,2026-09-10T20:55:54.670Z,active,FALSE,new,Source list updated: June 29 2026 | Source PDF marks some employers in red as not hiring (colour not available in text extract).
thunder-bay|nature-s-nest-preschool-childcare-centre-264wilsonstthunderbay,thunder-bay,Nature's Nest Preschool & Childcare Centre,264 Wilson St Thunder Bay,,unknown,https://gotothunderbay.ca/wp-content/uploads/2026/08/As-of-August-13-2026.pdf,pdf,2026-09-10T20:55:54.670Z,2026-09-10T20:55:54.670Z,active,FALSE,new,Source list updated: June 29 2026 | Source PDF marks some employers in red as not hiring (colour not available in text extract).
thunder-bay|nishnawbe-aski-development-fund-100littlelakeroadsuite10,thunder-bay,Nishnawbe Aski Development Fund,"100 Little Lake Road, Suite 101 Fort William First Nation",,unknown,https://gotothunderbay.ca/wp-content/uploads/2026/08/As-of-August-13-2026.pdf,pdf,2026-09-10T20:55:54.670Z,2026-09-10T20:55:54.670Z,active,FALSE,new,Source list updated: June 29 2026 | Source PDF marks some employers in red as not hiring (colour not available in text extract).
thunder-bay|nordex-contracting-inc-1249rosslynrdthunderbay,thunder-bay,Nordex Contracting Inc,"1249 Rosslyn Rd, Thunder Bay",,unknown,https://gotothunderbay.ca/wp-content/uploads/2026/08/As-of-August-13-2026.pdf,pdf,2026-09-10T20:55:54.670Z,2026-09-10T20:55:54.670Z,active,FALSE,new,Source list updated: June 29 2026 | Source PDF marks some employers in red as not hiring (colour not available in text extract).
thunder-bay|norte-os-taqueria-norte-os-cantina-698arthurstwthunderbay23,thunder-bay,Norteños Taqueria / Norteños Cantina,"698 Arthur St W, Thunder Bay / 235 Red River Rd, Thunder Bay",,unknown,https://gotothunderbay.ca/wp-content/uploads/2026/08/As-of-August-13-2026.pdf,pdf,2026-09-10T20:55:54.670Z,2026-09-10T20:55:54.670Z,active,FALSE,new,Source list updated: June 29 2026 | Source PDF marks some employers in red as not hiring (colour not available in text extract).
thunder-bay|north-country-premium-sausage-319euclidavethunderbay,thunder-bay,North Country Premium Sausage,"319 EUCLID AVE, THUNDER BAY",,unknown,https://gotothunderbay.ca/wp-content/uploads/2026/08/As-of-August-13-2026.pdf,pdf,2026-09-10T20:55:54.670Z,2026-09-10T20:55:54.670Z,active,FALSE,new,Source list updated: June 29 2026 | Source PDF marks some employers in red as not hiring (colour not available in text extract).
thunder-bay|north-star-air-1480walshstreetwestthund,thunder-bay,North Star Air,1480 Walsh Street West Thunder Bay,,unknown,https://gotothunderbay.ca/wp-content/uploads/2026/08/As-of-August-13-2026.pdf,pdf,2026-09-10T20:55:54.670Z,2026-09-10T20:55:54.670Z,active,FALSE,new,Source list updated: June 29 2026 | Source PDF marks some employers in red as not hiring (colour not available in text extract).
thunder-bay|northern-turf-equipment-710bbalmoralstthunderbay,thunder-bay,NORTHERN TURF EQUIPMENT,"710B Balmoral St, Thunder Bay",,unknown,https://gotothunderbay.ca/wp-content/uploads/2026/08/As-of-August-13-2026.pdf,pdf,2026-09-10T20:55:54.670Z,2026-09-10T20:55:54.670Z,active,FALSE,new,Source list updated: June 29 2026 | Source PDF marks some employers in red as not hiring (colour not available in text extract).
thunder-bay|northwind-family-ministries-141mayststhunderbay,thunder-bay,NorthWind Family Ministries,"141 May St S, Thunder Bay",,unknown,https://gotothunderbay.ca/wp-content/uploads/2026/08/As-of-August-13-2026.pdf,pdf,2026-09-10T20:55:54.670Z,2026-09-10T20:55:54.670Z,active,FALSE,new,Source list updated: June 29 2026 | Source PDF marks some employers in red as not hiring (colour not available in text extract).
thunder-bay|norwest-community-health-525simpsonstreetthunderb,thunder-bay,NORWEST COMMUNITY HEALTH,"525 Simpson Street, Thunder Bay",,unknown,https://gotothunderbay.ca/wp-content/uploads/2026/08/As-of-August-13-2026.pdf,pdf,2026-09-10T20:55:54.670Z,2026-09-10T20:55:54.670Z,active,FALSE,new,Source list updated: June 29 2026 | Source PDF marks some employers in red as not hiring (colour not available in text extract).
thunder-bay|novacare-health-and-wellness-center-1600deasestreetthunderba,thunder-bay,NovaCare Health and Wellness Center,"1600 Dease street, Thunder Bay",,unknown,https://gotothunderbay.ca/wp-content/uploads/2026/08/As-of-August-13-2026.pdf,pdf,2026-09-10T20:55:54.670Z,2026-09-10T20:55:54.670Z,active,FALSE,new,Source list updated: June 29 2026 | Source PDF marks some employers in red as not hiring (colour not available in text extract).
thunder-bay|nucci-s-bake-a-deli-801redriverroadthunderba,thunder-bay,Nucci's Bake a Deli,"801 Red River Road, Thunder Bay",,unknown,https://gotothunderbay.ca/wp-content/uploads/2026/08/As-of-August-13-2026.pdf,pdf,2026-09-10T20:55:54.670Z,2026-09-10T20:55:54.670Z,active,FALSE,new,Source list updated: June 29 2026 | Source PDF marks some employers in red as not hiring (colour not available in text extract).
thunder-bay|odena-foods-4751hwy1117kakabekafalls,thunder-bay,Odena Foods,4751 Hwy 11-17 Kakabeka Falls,,unknown,https://gotothunderbay.ca/wp-content/uploads/2026/08/As-of-August-13-2026.pdf,pdf,2026-09-10T20:55:54.670Z,2026-09-10T20:55:54.670Z,active,FALSE,new,Source list updated: June 29 2026 | Source PDF marks some employers in red as not hiring (colour not available in text extract).
thunder-bay|open-mind-interiors-ltd-151brockstwthunderbay,thunder-bay,Open-Mind Interiors Ltd,"151 Brock St W, Thunder Bay",,unknown,https://gotothunderbay.ca/wp-content/uploads/2026/08/As-of-August-13-2026.pdf,pdf,2026-09-10T20:55:54.670Z,2026-09-10T20:55:54.670Z,active,FALSE,new,Source list updated: June 29 2026 | Source PDF marks some employers in red as not hiring (colour not available in text extract).
thunder-bay|ops-official-parcel-service-870tungstenstreetthunder,thunder-bay,OPS - official Parcel Service,"870 Tungsten Street, Thunder Bay",,unknown,https://gotothunderbay.ca/wp-content/uploads/2026/08/As-of-August-13-2026.pdf,pdf,2026-09-10T20:55:54.670Z,2026-09-10T20:55:54.670Z,active,FALSE,new,Source list updated: June 29 2026 | Source PDF marks some employers in red as not hiring (colour not available in text extract).
thunder-bay|options-northwest-95ncumberlandstthunderba,thunder-bay,OPTIONS NORTHWEST,95 N. Cumberland St. Thunder Bay,,unknown,https://gotothunderbay.ca/wp-content/uploads/2026/08/As-of-August-13-2026.pdf,pdf,2026-09-10T20:55:54.670Z,2026-09-10T20:55:54.670Z,active,FALSE,new,Source list updated: June 29 2026 | Source PDF marks some employers in red as not hiring (colour not available in text extract).
thunder-bay|oshki-pimache-o-win-education-and-training-institute-the-wenjack-education-insti-106centennialsq2ndfloort,thunder-bay,Oshki Pimache O Win Education and Training Institute- The Wenjack Education Institute,106 Centennial Sq. 2nd floor Thunder Bay,,unknown,https://gotothunderbay.ca/wp-content/uploads/2026/08/As-of-August-13-2026.pdf,pdf,2026-09-10T20:55:54.670Z,2026-09-10T20:55:54.670Z,active,FALSE,new,Source list updated: June 29 2026 | Source PDF marks some employers in red as not hiring (colour not available in text extract).
thunder-bay|our-kids-count-704mckenziestthunderbay,thunder-bay,Our Kids Count,"704 McKenzie St, Thunder Bay",,unknown,https://gotothunderbay.ca/wp-content/uploads/2026/08/As-of-August-13-2026.pdf,pdf,2026-09-10T20:55:54.670Z,2026-09-10T20:55:54.670Z,active,FALSE,new,Source list updated: June 29 2026 | Source PDF marks some employers in red as not hiring (colour not available in text extract).
thunder-bay|pace-409georgestthunderbay,thunder-bay,PACE,"409 George St, Thunder Bay",,unknown,https://gotothunderbay.ca/wp-content/uploads/2026/08/As-of-August-13-2026.pdf,pdf,2026-09-10T20:55:54.670Z,2026-09-10T20:55:54.670Z,active,FALSE,new,Source list updated: June 29 2026 | Source PDF marks some employers in red as not hiring (colour not available in text extract).
thunder-bay|paramed-home-health-care-91cumberlandstreetsouths,thunder-bay,ParaMed Home Health Care,"91 Cumberland Street South, Suite 200, Thunder Bay",,unknown,https://gotothunderbay.ca/wp-content/uploads/2026/08/As-of-August-13-2026.pdf,pdf,2026-09-10T20:55:54.670Z,2026-09-10T20:55:54.670Z,active,FALSE,new,Source list updated: June 29 2026 | Source PDF marks some employers in red as not hiring (colour not available in text extract).
thunder-bay|parklane-homes-930neebingavenuethunderb,thunder-bay,Parklane Homes,"930 Neebing Avenue, Thunder Bay",,unknown,https://gotothunderbay.ca/wp-content/uploads/2026/08/As-of-August-13-2026.pdf,pdf,2026-09-10T20:55:54.670Z,2026-09-10T20:55:54.670Z,active,FALSE,new,Source list updated: June 29 2026 | Source PDF marks some employers in red as not hiring (colour not available in text extract).
thunder-bay|partners-in-rehab-79courtstreetnorththunde,thunder-bay,Partners In Rehab,"79 Court Street North, Thunder Bay",,unknown,https://gotothunderbay.ca/wp-content/uploads/2026/08/As-of-August-13-2026.pdf,pdf,2026-09-10T20:55:54.670Z,2026-09-10T20:55:54.670Z,active,FALSE,new,Source list updated: June 29 2026 | Source PDF marks some employers in red as not hiring (colour not available in text extract).
thunder-bay|party-city-840-341mainstreetthunderbay,thunder-bay,Party City #840,"341 Main Street, Thunder Bay",,unknown,https://gotothunderbay.ca/wp-content/uploads/2026/08/As-of-August-13-2026.pdf,pdf,2026-09-10T20:55:54.670Z,2026-09-10T20:55:54.670Z,active,FALSE,new,Source list updated: June 29 2026 | Source PDF marks some employers in red as not hiring (colour not available in text extract).
thunder-bay|payroll-xpress-limited-1085carrickstreetthunder,thunder-bay,Payroll Xpress Limited,"1085 Carrick Street, Thunder Bay",,unknown,https://gotothunderbay.ca/wp-content/uploads/2026/08/As-of-August-13-2026.pdf,pdf,2026-09-10T20:55:54.670Z,2026-09-10T20:55:54.670Z,active,FALSE,new,Source list updated: June 29 2026 | Source PDF marks some employers in red as not hiring (colour not available in text extract).
thunder-bay|performance-kia-1150centralavethunderbay,thunder-bay,Performance Kia,"1150 Central Ave, Thunder Bay",,unknown,https://gotothunderbay.ca/wp-content/uploads/2026/08/As-of-August-13-2026.pdf,pdf,2026-09-10T20:55:54.670Z,2026-09-10T20:55:54.670Z,active,FALSE,new,Source list updated: June 29 2026 | Source PDF marks some employers in red as not hiring (colour not available in text extract).
thunder-bay|perimeter-aviation-lp-216roundblvdthunderbay,thunder-bay,Perimeter Aviation LP,216 Round Blvd. Thunder Bay,,unknown,https://gotothunderbay.ca/wp-content/uploads/2026/08/As-of-August-13-2026.pdf,pdf,2026-09-10T20:55:54.670Z,2026-09-10T20:55:54.670Z,active,FALSE,new,Source list updated: June 29 2026 | Source PDF marks some employers in red as not hiring (colour not available in text extract).
thunder-bay|pho-umami-inc-845maystnthunderbay,thunder-bay,Pho Umami Inc,845 May St. N. Thunder Bay,,unknown,https://gotothunderbay.ca/wp-content/uploads/2026/08/As-of-August-13-2026.pdf,pdf,2026-09-10T20:55:54.670Z,2026-09-10T20:55:54.670Z,active,FALSE,new,Source list updated: June 29 2026 | Source PDF marks some employers in red as not hiring (colour not available in text extract).
thunder-bay|pioneer-construction-inc-1344oliverroadthunderbay,thunder-bay,Pioneer Construction Inc.,"1344 Oliver Road, Thunder Bay",,unknown,https://gotothunderbay.ca/wp-content/uploads/2026/08/As-of-August-13-2026.pdf,pdf,2026-09-10T20:55:54.670Z,2026-09-10T20:55:54.670Z,active,FALSE,new,Source list updated: June 29 2026 | Source PDF marks some employers in red as not hiring (colour not available in text extract).
thunder-bay|port-arthur-family-dental-68algomastnthunderbay,thunder-bay,Port Arthur Family Dental,"68 Algoma St N, Thunder Bay",,unknown,https://gotothunderbay.ca/wp-content/uploads/2026/08/As-of-August-13-2026.pdf,pdf,2026-09-10T20:55:54.670Z,2026-09-10T20:55:54.670Z,active,FALSE,new,Source list updated: June 29 2026 | Source PDF marks some employers in red as not hiring (colour not available in text extract).
thunder-bay|precision-wood-design-41rubindrmurillo,thunder-bay,Precision Wood Design,"41 Rubin Dr, Murillo",,unknown,https://gotothunderbay.ca/wp-content/uploads/2026/08/As-of-August-13-2026.pdf,pdf,2026-09-10T20:55:54.670Z,2026-09-10T20:55:54.670Z,active,FALSE,new,Source list updated: June 29 2026 | Source PDF marks some employers in red as not hiring (colour not available in text extract).
thunder-bay|prince-arthur-waterfront-hotel-17ncumberlandstreetthund,thunder-bay,Prince Arthur Waterfront Hotel,17 N Cumberland Street Thunder Bay,,unknown,https://gotothunderbay.ca/wp-content/uploads/2026/08/As-of-August-13-2026.pdf,pdf,2026-09-10T20:55:54.670Z,2026-09-10T20:55:54.670Z,active,FALSE,new,Source list updated: June 29 2026 | Source PDF marks some employers in red as not hiring (colour not available in text extract).
thunder-bay|print-pros-plus-720maystreetnthunderbay,thunder-bay,Print Pros Plus,720 May Street N; Thunder Bay,,unknown,https://gotothunderbay.ca/wp-content/uploads/2026/08/As-of-August-13-2026.pdf,pdf,2026-09-10T20:55:54.670Z,2026-09-10T20:55:54.670Z,active,FALSE,new,Source list updated: June 29 2026 | Source PDF marks some employers in red as not hiring (colour not available in text extract).
thunder-bay|punjaabi-indian-cuisine-1186memorialavenueunit10,thunder-bay,Punjaabi Indian Cuisine,"1186 Memorial Avenue, Unit 10, Thunder Bay",,unknown,https://gotothunderbay.ca/wp-content/uploads/2026/08/As-of-August-13-2026.pdf,pdf,2026-09-10T20:55:54.670Z,2026-09-10T20:55:54.670Z,active,FALSE,new,Source list updated: June 29 2026 | Source PDF marks some employers in red as not hiring (colour not available in text extract).
thunder-bay|quadera-property-management-32612victoriaaveethunder,thunder-bay,Quadera Property Management,"3-2612 Victoria Ave E, Thunder Bay",,unknown,https://gotothunderbay.ca/wp-content/uploads/2026/08/As-of-August-13-2026.pdf,pdf,2026-09-10T20:55:54.670Z,2026-09-10T20:55:54.670Z,active,FALSE,new,Source list updated: June 29 2026 | Source PDF marks some employers in red as not hiring (colour not available in text extract).
thunder-bay|quick-repair-services-inc-300waterstreetthunderbay,thunder-bay,QUICK REPAIR SERVICES INC.,"300 WATER STREET, Thunder Bay",,unknown,https://gotothunderbay.ca/wp-content/uploads/2026/08/As-of-August-13-2026.pdf,pdf,2026-09-10T20:55:54.670Z,2026-09-10T20:55:54.670Z,active,FALSE,new,Source list updated: June 29 2026 | Source PDF marks some employers in red as not hiring (colour not available in text extract).
thunder-bay|ranta-contracting-inc-1191balsamstreetthunderb,thunder-bay,Ranta Contracting Inc.,1191 Balsam Street Thunder Bay,,unknown,https://gotothunderbay.ca/wp-content/uploads/2026/08/As-of-August-13-2026.pdf,pdf,2026-09-10T20:55:54.670Z,2026-09-10T20:55:54.670Z,active,FALSE,new,Source list updated: June 29 2026 | Source PDF marks some employers in red as not hiring (colour not available in text extract).
thunder-bay|ras-maintenance-services-334cumberlandstthunderba,thunder-bay,RAS Maintenance Services,334 Cumberland St. Thunder Bay,,unknown,https://gotothunderbay.ca/wp-content/uploads/2026/08/As-of-August-13-2026.pdf,pdf,2026-09-10T20:55:54.670Z,2026-09-10T20:55:54.670Z,active,FALSE,new,Source list updated: June 29 2026 | Source PDF marks some employers in red as not hiring (colour not available in text extract).
thunder-bay|rd-cap-inc-beaux-daddy-s-1575hwy61thunderbay,thunder-bay,RD CAP INC. - Beaux Daddy's,"1575, HWY 61 , Thunder Bay",,unknown,https://gotothunderbay.ca/wp-content/uploads/2026/08/As-of-August-13-2026.pdf,pdf,2026-09-10T20:55:54.670Z,2026-09-10T20:55:54.670Z,active,FALSE,new,Source list updated: June 29 2026 | Source PDF marks some employers in red as not hiring (colour not available in text extract).
thunder-bay|rebel-barbers-company-509edwardstreetnorththun,thunder-bay,Rebel Barbers & Company,"509 Edward Street North, Thunder Bay",,unknown,https://gotothunderbay.ca/wp-content/uploads/2026/08/As-of-August-13-2026.pdf,pdf,2026-09-10T20:55:54.670Z,2026-09-10T20:55:54.670Z,active,FALSE,new,Source list updated: June 29 2026 | Source PDF marks some employers in red as not hiring (colour not available in text extract).
thunder-bay|red-lion-smokehouse-16cumberlandstreetsoutht,thunder-bay,Red Lion Smokehouse,16 Cumberland Street South Thunder Bay,,unknown,https://gotothunderbay.ca/wp-content/uploads/2026/08/As-of-August-13-2026.pdf,pdf,2026-09-10T20:55:54.670Z,2026-09-10T20:55:54.670Z,active,FALSE,new,Source list updated: June 29 2026 | Source PDF marks some employers in red as not hiring (colour not available in text extract).
thunder-bay|red-river-dental-777redriverroadthunderba,thunder-bay,Red River Dental,"777 Red River Road, Thunder Bay",,unknown,https://gotothunderbay.ca/wp-content/uploads/2026/08/As-of-August-13-2026.pdf,pdf,2026-09-10T20:55:54.670Z,2026-09-10T20:55:54.670Z,active,FALSE,new,Source list updated: June 29 2026 | Source PDF marks some employers in red as not hiring (colour not available in text extract).
thunder-bay|redwood-park-church-2609redwoodavenueethunde,thunder-bay,Redwood Park Church,"2609 Redwood Avenue E, Thunder Bay",,unknown,https://gotothunderbay.ca/wp-content/uploads/2026/08/As-of-August-13-2026.pdf,pdf,2026-09-10T20:55:54.670Z,2026-09-10T20:55:54.670Z,active,FALSE,new,Source list updated: June 29 2026 | Source PDF marks some employers in red as not hiring (colour not available in text extract).
thunder-bay|reliance-home-comfort-285memorialavenuethunder,thunder-bay,Reliance Home Comfort,"285 Memorial Avenue, Thunder Bay",,unknown,https://gotothunderbay.ca/wp-content/uploads/2026/08/As-of-August-13-2026.pdf,pdf,2026-09-10T20:55:54.670Z,2026-09-10T20:55:54.670Z,active,FALSE,new,Source list updated: June 29 2026 | Source PDF marks some employers in red as not hiring (colour not available in text extract).
thunder-bay|renewable-forest-products-3144arthurstwestthunderb,thunder-bay,Renewable Forest Products,"3144 Arthur St West, Thunder Bay",,unknown,https://gotothunderbay.ca/wp-content/uploads/2026/08/As-of-August-13-2026.pdf,pdf,2026-09-10T20:55:54.670Z,2026-09-10T20:55:54.670Z,active,FALSE,new,Source list updated: June 29 2026 | Source PDF marks some employers in red as not hiring (colour not available in text extract).
thunder-bay|rep-security-inc-116maplewoodstsouththund,thunder-bay,REP Security Inc,"116 Maplewood St South, Thunder Bay",,unknown,https://gotothunderbay.ca/wp-content/uploads/2026/08/As-of-August-13-2026.pdf,pdf,2026-09-10T20:55:54.670Z,2026-09-10T20:55:54.670Z,active,FALSE,new,Source list updated: June 29 2026 | Source PDF marks some employers in red as not hiring (colour not available in text extract).
thunder-bay|ritson-sons-contracting-ltd-141fredericastwthunderba,thunder-bay,Ritson & Sons Contracting Ltd.,"141 Frederica St W, Thunder Bay",,unknown,https://gotothunderbay.ca/wp-content/uploads/2026/08/As-of-August-13-2026.pdf,pdf,2026-09-10T20:55:54.670Z,2026-09-10T20:55:54.670Z,active,FALSE,new,Source list updated: June 29 2026 | Source PDF marks some employers in red as not hiring (colour not available in text extract).
thunder-bay|rj-concrete-1696melbourneroadthunder,thunder-bay,RJ Concrete,"1696 Melbourne Road, Thunder Bay",,unknown,https://gotothunderbay.ca/wp-content/uploads/2026/08/As-of-August-13-2026.pdf,pdf,2026-09-10T20:55:54.670Z,2026-09-10T20:55:54.670Z,active,FALSE,new,Source list updated: June 29 2026 | Source PDF marks some employers in red as not hiring (colour not available in text extract).
thunder-bay|rlp-security-services-ltd-1265arthurstreeteastsuit,thunder-bay,RLP Security Services Ltd.,"1265 Arthur Street East Suite #706, Thunder Bay",,unknown,https://gotothunderbay.ca/wp-content/uploads/2026/08/As-of-August-13-2026.pdf,pdf,2026-09-10T20:55:54.670Z,2026-09-10T20:55:54.670Z,active,FALSE,new,Source list updated: June 29 2026 | Source PDF marks some employers in red as not hiring (colour not available in text extract).
thunder-bay|robert-roukema-almada-upholstery-414maystreetnorththunder,thunder-bay,Robert Roukema - Almada Upholstery,"414 May Street North, Thunder Bay",,unknown,https://gotothunderbay.ca/wp-content/uploads/2026/08/As-of-August-13-2026.pdf,pdf,2026-09-10T20:55:54.670Z,2026-09-10T20:55:54.670Z,active,FALSE,new,Source list updated: June 29 2026 | Source PDF marks some employers in red as not hiring (colour not available in text extract).
thunder-bay|roberta-nugent-paul-maybroda-shooters-tavern-377memorialavethunderbay,thunder-bay,Roberta Nugent/Paul Maybroda- Shooters Tavern,377 Memorial Ave Thunder Bay,,unknown,https://gotothunderbay.ca/wp-content/uploads/2026/08/As-of-August-13-2026.pdf,pdf,2026-09-10T20:55:54.670Z,2026-09-10T20:55:54.670Z,active,FALSE,new,Source list updated: June 29 2026 | Source PDF marks some employers in red as not hiring (colour not available in text extract).
thunder-bay|roma-bakery-401fredericastwthunderba,thunder-bay,Roma Bakery,"401 Frederica ST W, Thunder Bay",,unknown,https://gotothunderbay.ca/wp-content/uploads/2026/08/As-of-August-13-2026.pdf,pdf,2026-09-10T20:55:54.670Z,2026-09-10T20:55:54.670Z,active,FALSE,new,Source list updated: June 29 2026 | Source PDF marks some employers in red as not hiring (colour not available in text extract).
thunder-bay|roots-community-food-centre-450fortwilliamroadthunde,thunder-bay,Roots Community Food Centre,"450 Fort William Road, Thunder Bay",,unknown,https://gotothunderbay.ca/wp-content/uploads/2026/08/As-of-August-13-2026.pdf,pdf,2026-09-10T20:55:54.670Z,2026-09-10T20:55:54.670Z,active,FALSE,new,Source list updated: June 29 2026 | Source PDF marks some employers in red as not hiring (colour not available in text extract).
thunder-bay|royal-canadian-legion-slovak-legion-branch-129-801atlanticavethunderbay,thunder-bay,Royal Canadian Legion Slovak Legion Branch 129,"801 Atlantic Ave, Thunder Bay",,unknown,https://gotothunderbay.ca/wp-content/uploads/2026/08/As-of-August-13-2026.pdf,pdf,2026-09-10T20:55:54.670Z,2026-09-10T20:55:54.670Z,active,FALSE,new,Source list updated: June 29 2026 | Source PDF marks some employers in red as not hiring (colour not available in text extract).
thunder-bay|royal-lepage-lannon-realty-1141bartonstthunderbay,thunder-bay,Royal LePage Lannon Realty,"1141 Barton St, Thunder Bay",,unknown,https://gotothunderbay.ca/wp-content/uploads/2026/08/As-of-August-13-2026.pdf,pdf,2026-09-10T20:55:54.670Z,2026-09-10T20:55:54.670Z,active,FALSE,new,Source list updated: June 29 2026 | Source PDF marks some employers in red as not hiring (colour not available in text extract).
thunder-bay|royal-paan-1186memorialavenueunit10,thunder-bay,Royal Paan,"1186 Memorial Avenue, Unit 10, Thunder Bay",,unknown,https://gotothunderbay.ca/wp-content/uploads/2026/08/As-of-August-13-2026.pdf,pdf,2026-09-10T20:55:54.670Z,2026-09-10T20:55:54.670Z,active,FALSE,new,Source list updated: June 29 2026 | Source PDF marks some employers in red as not hiring (colour not available in text extract).
thunder-bay|ruggedair-industries-ltd-710norahcresthunderbay,thunder-bay,RUGGEDAIR INDUSTRIES LTD,710 NORAH CRES THUNDER BAY,,unknown,https://gotothunderbay.ca/wp-content/uploads/2026/08/As-of-August-13-2026.pdf,pdf,2026-09-10T20:55:54.670Z,2026-09-10T20:55:54.670Z,active,FALSE,new,Source list updated: June 29 2026 | Source PDF marks some employers in red as not hiring (colour not available in text extract).
thunder-bay|runa-pacha-native-arts-crafts-1000fortwilliamrdunit46c,thunder-bay,RUNA PACHA NATIVE ARTS & CRAFTS,"1000 Fort William Rd, Unit 46C Intercity Shopping Centre Thunder Bay",,unknown,https://gotothunderbay.ca/wp-content/uploads/2026/08/As-of-August-13-2026.pdf,pdf,2026-09-10T20:55:54.670Z,2026-09-10T20:55:54.670Z,active,FALSE,new,Source list updated: June 29 2026 | Source PDF marks some employers in red as not hiring (colour not available in text extract).
thunder-bay|rural-roots-children-s-centre-1946amountainroadthunder,thunder-bay,Rural Roots Children's Centre,"1946 A Mountain Road, Thunder Bay",,unknown,https://gotothunderbay.ca/wp-content/uploads/2026/08/As-of-August-13-2026.pdf,pdf,2026-09-10T20:55:54.670Z,2026-09-10T20:55:54.670Z,active,FALSE,new,Source list updated: June 29 2026 | Source PDF marks some employers in red as not hiring (colour not available in text extract).
thunder-bay|rutter-urban-forestry-ltd-349mooneyavenuethunderba,thunder-bay,Rutter Urban Forestry Ltd.,"349 Mooney Avenue, Thunder Bay",,unknown,https://gotothunderbay.ca/wp-content/uploads/2026/08/As-of-August-13-2026.pdf,pdf,2026-09-10T20:55:54.670Z,2026-09-10T20:55:54.670Z,active,FALSE,new,Source list updated: June 29 2026 | Source PDF marks some employers in red as not hiring (colour not available in text extract).
thunder-bay|s-a-thunder-bay-airlane-inc-ramada-thunder-bay-698arthurstreetwestthund,thunder-bay,S&A Thunder Bay Airlane Inc. -Ramada Thunder Bay,"698 Arthur Street West, Thunder Bay S&A Thunder Bay TL Inc.- Travelodge by Wyndham, Thunder Bay 450 Memorial Avenue, Thunder Bay",,unknown,https://gotothunderbay.ca/wp-content/uploads/2026/08/As-of-August-13-2026.pdf,pdf,2026-09-10T20:55:54.670Z,2026-09-10T20:55:54.670Z,active,FALSE,new,Source list updated: June 29 2026 | Source PDF marks some employers in red as not hiring (colour not available in text extract).
thunder-bay|s-r-c-coating-systems-1163waterfordstunitbthun,thunder-bay,S.R.C Coating Systems,"1163 Waterford st Unit #B, Thunder Bay",,unknown,https://gotothunderbay.ca/wp-content/uploads/2026/08/As-of-August-13-2026.pdf,pdf,2026-09-10T20:55:54.670Z,2026-09-10T20:55:54.670Z,active,FALSE,new,Source list updated: June 29 2026 | Source PDF marks some employers in red as not hiring (colour not available in text extract).
thunder-bay|safety-net-security-ltd-1158russellstreetsuitedt,thunder-bay,Safety Net Security Ltd,"1158 Russell Street, Suite D Thunder Bay",,unknown,https://gotothunderbay.ca/wp-content/uploads/2026/08/As-of-August-13-2026.pdf,pdf,2026-09-10T20:55:54.670Z,2026-09-10T20:55:54.670Z,active,FALSE,new,Source list updated: June 29 2026 | Source PDF marks some employers in red as not hiring (colour not available in text extract).
thunder-bay|safeway-1115arthurstreetw1015daw,thunder-bay,Safeway,1. 115 Arthur Street W & 1015 Dawson Rd Thunder Bay,,unknown,https://gotothunderbay.ca/wp-content/uploads/2026/08/As-of-August-13-2026.pdf,pdf,2026-09-10T20:55:54.670Z,2026-09-10T20:55:54.670Z,active,FALSE,new,Source list updated: June 29 2026 | Source PDF marks some employers in red as not hiring (colour not available in text extract).
thunder-bay|schoolhouse-playcare-centre-of-lakehead-inc-130churchilldrwthunderba,thunder-bay,Schoolhouse Playcare Centre of Lakehead Inc.,"130 Churchill Dr. W, Thunder Bay",,unknown,https://gotothunderbay.ca/wp-content/uploads/2026/08/As-of-August-13-2026.pdf,pdf,2026-09-10T20:55:54.670Z,2026-09-10T20:55:54.670Z,active,FALSE,new,Source list updated: June 29 2026 | Source PDF marks some employers in red as not hiring (colour not available in text extract).
thunder-bay|scott-family-dental-276parkavethunderbay,thunder-bay,Scott Family Dental,"276 Park Ave, Thunder Bay",,unknown,https://gotothunderbay.ca/wp-content/uploads/2026/08/As-of-August-13-2026.pdf,pdf,2026-09-10T20:55:54.670Z,2026-09-10T20:55:54.670Z,active,FALSE,new,Source list updated: June 29 2026 | Source PDF marks some employers in red as not hiring (colour not available in text extract).
thunder-bay|seler-restaurant-wine-555dunlopstthunderbay,thunder-bay,Seler Restaurant & Wine,555 Dunlop St Thunder Bay,,unknown,https://gotothunderbay.ca/wp-content/uploads/2026/08/As-of-August-13-2026.pdf,pdf,2026-09-10T20:55:54.670Z,2026-09-10T20:55:54.670Z,active,FALSE,new,Source list updated: June 29 2026 | Source PDF marks some employers in red as not hiring (colour not available in text extract).
thunder-bay|shelter-house-420georgestthunderbay,thunder-bay,SHELTER HOUSE,420 George St Thunder Bay,,unknown,https://gotothunderbay.ca/wp-content/uploads/2026/08/As-of-August-13-2026.pdf,pdf,2026-09-10T20:55:54.670Z,2026-09-10T20:55:54.670Z,active,FALSE,new,Source list updated: June 29 2026 | Source PDF marks some employers in red as not hiring (colour not available in text extract).
thunder-bay|shoppers-drug-mart-1525-red-river-901redriverroadthunderba,thunder-bay,Shoppers Drug Mart #1525 (Red River),901 Red River Road Thunder Bay,,unknown,https://gotothunderbay.ca/wp-content/uploads/2026/08/As-of-August-13-2026.pdf,pdf,2026-09-10T20:55:54.670Z,2026-09-10T20:55:54.670Z,active,FALSE,new,Source list updated: June 29 2026 | Source PDF marks some employers in red as not hiring (colour not available in text extract).
thunder-bay|shoppers-drug-mart-680-1186memorialavethunderba,thunder-bay,SHOPPERS DRUG MART #680,1186 MEMORIAL AVE Thunder Bay,,unknown,https://gotothunderbay.ca/wp-content/uploads/2026/08/As-of-August-13-2026.pdf,pdf,2026-09-10T20:55:54.670Z,2026-09-10T20:55:54.670Z,active,FALSE,new,Source list updated: June 29 2026 | Source PDF marks some employers in red as not hiring (colour not available in text extract).
thunder-bay|shoppers-drug-mart-681andshoppersdrugmart13,thunder-bay,Shoppers Drug Mart,681 and Shoppers Drug Mart 1312,,unknown,https://gotothunderbay.ca/wp-content/uploads/2026/08/As-of-August-13-2026.pdf,pdf,2026-09-10T20:55:54.670Z,2026-09-10T20:55:54.670Z,active,FALSE,new,Source list updated: June 29 2026 | Source PDF marks some employers in red as not hiring (colour not available in text extract).
thunder-bay|store-681194ncourtstthunderbay,thunder-bay,Store,"681 - 194 N. Court St Thunder Bay,- 572 Arthur St W, Thunder Bay",,unknown,https://gotothunderbay.ca/wp-content/uploads/2026/08/As-of-August-13-2026.pdf,pdf,2026-09-10T20:55:54.670Z,2026-09-10T20:55:54.670Z,active,FALSE,new,Source list updated: June 29 2026 | Source PDF marks some employers in red as not hiring (colour not available in text extract).
thunder-bay|sierra-builders-555centralavethunderbayo,thunder-bay,Sierra Builders,555 central ave Thunder Bay on Silver Hotels (YQT North) Inc - Days Inn by Wyndham Thunder Bay,,unknown,https://gotothunderbay.ca/wp-content/uploads/2026/08/As-of-August-13-2026.pdf,pdf,2026-09-10T20:55:54.670Z,2026-09-10T20:55:54.670Z,active,FALSE,new,Source list updated: June 29 2026 | Source PDF marks some employers in red as not hiring (colour not available in text extract).
thunder-bay|north-1250golflinksrdthunderba,thunder-bay,North,"1250 Golf Links Rd, Thunder Bay",,unknown,https://gotothunderbay.ca/wp-content/uploads/2026/08/As-of-August-13-2026.pdf,pdf,2026-09-10T20:55:54.670Z,2026-09-10T20:55:54.670Z,active,FALSE,new,Source list updated: June 29 2026 | Source PDF marks some employers in red as not hiring (colour not available in text extract).
thunder-bay|sj-driving-academy-inc-406westviewplacethunderb,thunder-bay,SJ DRIVING ACADEMY INC.,"406 Westview Place, Thunder bay",,unknown,https://gotothunderbay.ca/wp-content/uploads/2026/08/As-of-August-13-2026.pdf,pdf,2026-09-10T20:55:54.670Z,2026-09-10T20:55:54.670Z,active,FALSE,new,Source list updated: June 29 2026 | Source PDF marks some employers in red as not hiring (colour not available in text extract).
thunder-bay|skaf-s-just-basics-470hodderavethunderbay,thunder-bay,Skaf's Just Basics,"470 Hodder Ave, Thunder Bay",,unknown,https://gotothunderbay.ca/wp-content/uploads/2026/08/As-of-August-13-2026.pdf,pdf,2026-09-10T20:55:54.670Z,2026-09-10T20:55:54.670Z,active,FALSE,new,Source list updated: June 29 2026 | Source PDF marks some employers in red as not hiring (colour not available in text extract).
thunder-bay|sky-fill-aviation-refueling-inc-316hectordougallwaythund,thunder-bay,Sky Fill Aviation Refueling Inc.,"316 hector dougall way, Thunder Bay",,unknown,https://gotothunderbay.ca/wp-content/uploads/2026/08/As-of-August-13-2026.pdf,pdf,2026-09-10T20:55:54.670Z,2026-09-10T20:55:54.670Z,active,FALSE,new,Source list updated: June 29 2026 | Source PDF marks some employers in red as not hiring (colour not available in text extract).
thunder-bay|sleep-country-canada-inc-389mainstreetunitb2thund,thunder-bay,Sleep Country Canada Inc.,"389 MAIN STREET, UNIT B2, Thunder Bay",,unknown,https://gotothunderbay.ca/wp-content/uploads/2026/08/As-of-August-13-2026.pdf,pdf,2026-09-10T20:55:54.670Z,2026-09-10T20:55:54.670Z,active,FALSE,new,Source list updated: June 29 2026 | Source PDF marks some employers in red as not hiring (colour not available in text extract).
thunder-bay|sleeping-giant-brewing-co-712macdonellstreetthunde,thunder-bay,Sleeping Giant Brewing Co,"712 Macdonell Street, Thunder Bay",,unknown,https://gotothunderbay.ca/wp-content/uploads/2026/08/As-of-August-13-2026.pdf,pdf,2026-09-10T20:55:54.670Z,2026-09-10T20:55:54.670Z,active,FALSE,new,Source list updated: June 29 2026 | Source PDF marks some employers in red as not hiring (colour not available in text extract).
thunder-bay|smart-modular-canada-24haniakrdthunderbay,thunder-bay,Smart Modular Canada,24 Haniak Rd. Thunder Bay,,unknown,https://gotothunderbay.ca/wp-content/uploads/2026/08/As-of-August-13-2026.pdf,pdf,2026-09-10T20:55:54.670Z,2026-09-10T20:55:54.670Z,active,FALSE,new,Source list updated: June 29 2026 | Source PDF marks some employers in red as not hiring (colour not available in text extract).
thunder-bay|societa-italiana-di-benevolenza-principe-di-piemonte-of-fort-william-davinci-cen-340waterloostreetthunder,thunder-bay,Societa Italiana Di Benevolenza Principe Di Piemonte of Fort William- Davinci Centre,"340 Waterloo Street, Thunder Bay",,unknown,https://gotothunderbay.ca/wp-content/uploads/2026/08/As-of-August-13-2026.pdf,pdf,2026-09-10T20:55:54.670Z,2026-09-10T20:55:54.670Z,active,FALSE,new,Source list updated: June 29 2026 | Source PDF marks some employers in red as not hiring (colour not available in text extract).
thunder-bay|sovereign-dental-231101arthurstwthunderba,thunder-bay,Sovereign Dental,"2& 3-1101 Arthur St W, Thunder Bay",,unknown,https://gotothunderbay.ca/wp-content/uploads/2026/08/As-of-August-13-2026.pdf,pdf,2026-09-10T20:55:54.670Z,2026-09-10T20:55:54.670Z,active,FALSE,new,Source list updated: June 29 2026 | Source PDF marks some employers in red as not hiring (colour not available in text extract).
thunder-bay|sovereign-dental-911fortwilliamrd3thunder,thunder-bay,Sovereign Dental,"911 Fort William Rd #3, Thunder Bay, & 1101 Arthur St W Thunder Bay",,unknown,https://gotothunderbay.ca/wp-content/uploads/2026/08/As-of-August-13-2026.pdf,pdf,2026-09-10T20:55:54.670Z,2026-09-10T20:55:54.670Z,active,FALSE,new,Source list updated: June 29 2026 | Source PDF marks some employers in red as not hiring (colour not available in text extract).
thunder-bay|srl-contracting-corp-105maystnunit7thunderbay,thunder-bay,SRL Contracting Corp.,"105 May St N Unit 7, Thunder Bay",,unknown,https://gotothunderbay.ca/wp-content/uploads/2026/08/As-of-August-13-2026.pdf,pdf,2026-09-10T20:55:54.670Z,2026-09-10T20:55:54.670Z,active,FALSE,new,Source list updated: June 29 2026 | Source PDF marks some employers in red as not hiring (colour not available in text extract).
thunder-bay|srs-windows-and-doors-inc-936tungstenstreetthunder,thunder-bay,SRS WINDOWS AND DOORS INC,"936 Tungsten Street, Thunder Bay",,unknown,https://gotothunderbay.ca/wp-content/uploads/2026/08/As-of-August-13-2026.pdf,pdf,2026-09-10T20:55:54.670Z,2026-09-10T20:55:54.670Z,active,FALSE,new,Source list updated: June 29 2026 | Source PDF marks some employers in red as not hiring (colour not available in text extract).
thunder-bay|st-joseph-s-care-group-35algomastreetnorththund,thunder-bay,St. Joseph's Care Group,"35 Algoma Street North, Thunder Bay",,unknown,https://gotothunderbay.ca/wp-content/uploads/2026/08/As-of-August-13-2026.pdf,pdf,2026-09-10T20:55:54.670Z,2026-09-10T20:55:54.670Z,active,FALSE,new,Source list updated: June 29 2026 | Source PDF marks some employers in red as not hiring (colour not available in text extract).
thunder-bay|stacy-tabachak-s-h-confections-flossed-out-1000fortwilliamroadunit2,thunder-bay,Stacy Tabachak/ S&H Confections- Flossed Out,"1000 Fort William Road, Unit 24, Thunder Bay",,unknown,https://gotothunderbay.ca/wp-content/uploads/2026/08/As-of-August-13-2026.pdf,pdf,2026-09-10T20:55:54.670Z,2026-09-10T20:55:54.670Z,active,FALSE,new,Source list updated: June 29 2026 | Source PDF marks some employers in red as not hiring (colour not available in text extract).
thunder-bay|step-by-step-child-care-centres-2118arthurstethunderbaya,thunder-bay,Step By Step Child Care Centres,"2118 Arthur St E, Thunder Bay, and 141 Bayberry Cr, Thunder",,unknown,https://gotothunderbay.ca/wp-content/uploads/2026/08/As-of-August-13-2026.pdf,pdf,2026-09-10T20:55:54.670Z,2026-09-10T20:55:54.670Z,active,FALSE,new,Source list updated: June 29 2026 | Source PDF marks some employers in red as not hiring (colour not available in text extract).
thunder-bay|bay-stuffy-riders-1000fortwilliamroadthund,thunder-bay,Bay Stuffy Riders,"1000 Fort william Road, Thunder Bay",,unknown,https://gotothunderbay.ca/wp-content/uploads/2026/08/As-of-August-13-2026.pdf,pdf,2026-09-10T20:55:54.670Z,2026-09-10T20:55:54.670Z,active,FALSE,new,Source list updated: June 29 2026 | Source PDF marks some employers in red as not hiring (colour not available in text extract).
thunder-bay|super-8-by-wyndham-439memorialavethunderbay,thunder-bay,Super 8 by Wyndham,439 Memorial Ave. Thunder Bay,,unknown,https://gotothunderbay.ca/wp-content/uploads/2026/08/As-of-August-13-2026.pdf,pdf,2026-09-10T20:55:54.670Z,2026-09-10T20:55:54.670Z,active,FALSE,new,Source list updated: June 29 2026 | Source PDF marks some employers in red as not hiring (colour not available in text extract).
thunder-bay|superior-foods-1090lithiumdrivethunderb,thunder-bay,Superior Foods,"1090 Lithium Drive, Thunder Bay",,unknown,https://gotothunderbay.ca/wp-content/uploads/2026/08/As-of-August-13-2026.pdf,pdf,2026-09-10T20:55:54.670Z,2026-09-10T20:55:54.670Z,active,FALSE,new,Source list updated: June 29 2026 | Source PDF marks some employers in red as not hiring (colour not available in text extract).
thunder-bay|superior-hyundai-1142alloydrivethunderbay,thunder-bay,Superior Hyundai,"1142 Alloy Drive, Thunder Bay",,unknown,https://gotothunderbay.ca/wp-content/uploads/2026/08/As-of-August-13-2026.pdf,pdf,2026-09-10T20:55:54.670Z,2026-09-10T20:55:54.670Z,active,FALSE,new,Source list updated: June 29 2026 | Source PDF marks some employers in red as not hiring (colour not available in text extract).
thunder-bay|superior-janitorial-196evansstthunderbay,thunder-bay,Superior Janitorial,196 Evans St. Thunder Bay,,unknown,https://gotothunderbay.ca/wp-content/uploads/2026/08/As-of-August-13-2026.pdf,pdf,2026-09-10T20:55:54.670Z,2026-09-10T20:55:54.670Z,active,FALSE,new,Source list updated: June 29 2026 | Source PDF marks some employers in red as not hiring (colour not available in text extract).
thunder-bay|superior-screen-printing-115ncumberlandstreet,thunder-bay,Superior Screen Printing,115 N. Cumberland Street,,unknown,https://gotothunderbay.ca/wp-content/uploads/2026/08/As-of-August-13-2026.pdf,pdf,2026-09-10T20:55:54.670Z,2026-09-10T20:55:54.670Z,active,FALSE,new,Source list updated: June 29 2026 | Source PDF marks some employers in red as not hiring (colour not available in text extract).
thunder-bay|superior-shercor-limited-mr-lube-stores-61-129-645arthurstreetwestthund,thunder-bay,SUPERIOR SHERCOR LIMITED - MR. LUBE (STORES 61 & 129),"645 ARTHUR STREET WEST, Thunder Bay",,unknown,https://gotothunderbay.ca/wp-content/uploads/2026/08/As-of-August-13-2026.pdf,pdf,2026-09-10T20:55:54.670Z,2026-09-10T20:55:54.670Z,active,FALSE,new,Source list updated: June 29 2026 | Source PDF marks some employers in red as not hiring (colour not available in text extract).
thunder-bay|superior-shores-gaming-association-435memorialavethunderbay,thunder-bay,Superior Shores Gaming Association,435 Memorial Ave. Thunder Bay,,unknown,https://gotothunderbay.ca/wp-content/uploads/2026/08/As-of-August-13-2026.pdf,pdf,2026-09-10T20:55:54.670Z,2026-09-10T20:55:54.670Z,active,FALSE,new,Source list updated: June 29 2026 | Source PDF marks some employers in red as not hiring (colour not available in text extract).
thunder-bay|superior-urology-clinic-146southcourtstthunderba,thunder-bay,Superior Urology clinic,146 South Court St. Thunder Bay,,unknown,https://gotothunderbay.ca/wp-content/uploads/2026/08/As-of-August-13-2026.pdf,pdf,2026-09-10T20:55:54.670Z,2026-09-10T20:55:54.670Z,active,FALSE,new,Source list updated: June 29 2026 | Source PDF marks some employers in red as not hiring (colour not available in text extract).
thunder-bay|superior-yard-works-inc-135windemereavesthunderb,thunder-bay,Superior Yard Works Inc.,"135 Windemere Ave S, Thunder Bay",,unknown,https://gotothunderbay.ca/wp-content/uploads/2026/08/As-of-August-13-2026.pdf,pdf,2026-09-10T20:55:54.670Z,2026-09-10T20:55:54.670Z,active,FALSE,new,Source list updated: June 29 2026 | Source PDF marks some employers in red as not hiring (colour not available in text extract).
thunder-bay|sushi-station-280algomaststhunderbay,thunder-bay,Sushi Station,280 Algoma st.s Thunder Bay,,unknown,https://gotothunderbay.ca/wp-content/uploads/2026/08/As-of-August-13-2026.pdf,pdf,2026-09-10T20:55:54.670Z,2026-09-10T20:55:54.670Z,active,FALSE,new,Source list updated: June 29 2026 | Source PDF marks some employers in red as not hiring (colour not available in text extract).
thunder-bay|swartz-fine-fashions-148fredericastwestthunde,thunder-bay,Swartz Fine Fashions,"148 Frederica St. West, Thunder Bay",,unknown,https://gotothunderbay.ca/wp-content/uploads/2026/08/As-of-August-13-2026.pdf,pdf,2026-09-10T20:55:54.670Z,2026-09-10T20:55:54.670Z,active,FALSE,new,Source list updated: June 29 2026 | Source PDF marks some employers in red as not hiring (colour not available in text extract).
thunder-bay|swell-bakery-15astpaulstthunderbay,thunder-bay,Swell Bakery,"15A St. Paul St, Thunder Bay",,unknown,https://gotothunderbay.ca/wp-content/uploads/2026/08/As-of-August-13-2026.pdf,pdf,2026-09-10T20:55:54.670Z,2026-09-10T20:55:54.670Z,active,FALSE,new,Source list updated: June 29 2026 | Source PDF marks some employers in red as not hiring (colour not available in text extract).
thunder-bay|sysco-thunder-bay-840mckellerstthunderbay,thunder-bay,Sysco Thunder Bay,"840 McKeller St, Thunder Bay",,unknown,https://gotothunderbay.ca/wp-content/uploads/2026/08/As-of-August-13-2026.pdf,pdf,2026-09-10T20:55:54.670Z,2026-09-10T20:55:54.670Z,active,FALSE,new,Source list updated: June 29 2026 | Source PDF marks some employers in red as not hiring (colour not available in text extract).
thunder-bay|t-bay-ultrasound-1265arthurstreeteastsuit,thunder-bay,T BAY ULTRASOUND,"1265 ARTHUR STREET EAST, SUITE 407, Thunder Bay",,unknown,https://gotothunderbay.ca/wp-content/uploads/2026/08/As-of-August-13-2026.pdf,pdf,2026-09-10T20:55:54.670Z,2026-09-10T20:55:54.670Z,active,FALSE,new,Source list updated: June 29 2026 | Source PDF marks some employers in red as not hiring (colour not available in text extract).
thunder-bay|t-t-auto-supply-thunder-bay-ltd-427kingstonstthunderbay,thunder-bay,T&T AUTO SUPPLY (THUNDER BAY) LTD,"427 Kingston St, Thunder Bay",,unknown,https://gotothunderbay.ca/wp-content/uploads/2026/08/As-of-August-13-2026.pdf,pdf,2026-09-10T20:55:54.670Z,2026-09-10T20:55:54.670Z,active,FALSE,new,Source list updated: June 29 2026 | Source PDF marks some employers in red as not hiring (colour not available in text extract).
thunder-bay|tara-labate-pharmacy-ltd-shoppers-drug-mart-678-640riverstthunderbay,thunder-bay,Tara Labate Pharmacy LTD.- Shoppers Drug Mart #678,"640 River St, Thunder Bay",,unknown,https://gotothunderbay.ca/wp-content/uploads/2026/08/As-of-August-13-2026.pdf,pdf,2026-09-10T20:55:54.670Z,2026-09-10T20:55:54.670Z,active,FALSE,new,Source list updated: June 29 2026 | Source PDF marks some employers in red as not hiring (colour not available in text extract).
thunder-bay|taranis-contracting-group-ltd-1473rosslynroadthunderba,thunder-bay,Taranis Contracting Group Ltd,"1473 Rosslyn Road, Thunder Bay",,unknown,https://gotothunderbay.ca/wp-content/uploads/2026/08/As-of-August-13-2026.pdf,pdf,2026-09-10T20:55:54.670Z,2026-09-10T20:55:54.670Z,active,FALSE,new,Source list updated: June 29 2026 | Source PDF marks some employers in red as not hiring (colour not available in text extract).
thunder-bay|taylor-made-construction-suite6105maystreetnortht,thunder-bay,Taylor Made Construction,"Suite 6,105 May Street North, Thunder Bay",,unknown,https://gotothunderbay.ca/wp-content/uploads/2026/08/As-of-August-13-2026.pdf,pdf,2026-09-10T20:55:54.670Z,2026-09-10T20:55:54.670Z,active,FALSE,new,Source list updated: June 29 2026 | Source PDF marks some employers in red as not hiring (colour not available in text extract).
thunder-bay|tbaypost-dougall-media-87hillstreetnorththunder,thunder-bay,TbayPost (Dougall Media),87 Hill Street North Thunder Bay,,unknown,https://gotothunderbay.ca/wp-content/uploads/2026/08/As-of-August-13-2026.pdf,pdf,2026-09-10T20:55:54.670Z,2026-09-10T20:55:54.670Z,active,FALSE,new,Source list updated: June 29 2026 | Source PDF marks some employers in red as not hiring (colour not available in text extract).
thunder-bay|teleco-1218amberdrivethunderbay,thunder-bay,Teleco,"1218 Amber Drive, Thunder Bay",,unknown,https://gotothunderbay.ca/wp-content/uploads/2026/08/As-of-August-13-2026.pdf,pdf,2026-09-10T20:55:54.670Z,2026-09-10T20:55:54.670Z,active,FALSE,new,Source list updated: June 29 2026 | Source PDF marks some employers in red as not hiring (colour not available in text extract).
thunder-bay|termax-service-group-inc-782macdonellstreetthunde,thunder-bay,Termax Service Group Inc,"782 Macdonell Street, Thunder Bay",,unknown,https://gotothunderbay.ca/wp-content/uploads/2026/08/As-of-August-13-2026.pdf,pdf,2026-09-10T20:55:54.670Z,2026-09-10T20:55:54.670Z,active,FALSE,new,Source list updated: June 29 2026 | Source PDF marks some employers in red as not hiring (colour not available in text extract).
thunder-bay|the-bank-of-nova-scotia-745hewitsonstreetthunder,thunder-bay,The Bank of Nova Scotia,745 Hewitson Street Thunder Bay,,unknown,https://gotothunderbay.ca/wp-content/uploads/2026/08/As-of-August-13-2026.pdf,pdf,2026-09-10T20:55:54.670Z,2026-09-10T20:55:54.670Z,active,FALSE,new,Source list updated: June 29 2026 | Source PDF marks some employers in red as not hiring (colour not available in text extract).
thunder-bay|the-brick-869fortwilliamrdthunderb,thunder-bay,THE BRICK,869 Fort William Rd. Thunder Bay,,unknown,https://gotothunderbay.ca/wp-content/uploads/2026/08/As-of-August-13-2026.pdf,pdf,2026-09-10T20:55:54.670Z,2026-09-10T20:55:54.670Z,active,FALSE,new,Source list updated: June 29 2026 | Source PDF marks some employers in red as not hiring (colour not available in text extract).
thunder-bay|the-canadian-wild-rice-mercantile-ltd-776macdonellstreetthunde,thunder-bay,The Canadian Wild Rice Mercantile Ltd.,"776 Macdonell Street, Thunder Bay",,unknown,https://gotothunderbay.ca/wp-content/uploads/2026/08/As-of-August-13-2026.pdf,pdf,2026-09-10T20:55:54.670Z,2026-09-10T20:55:54.670Z,active,FALSE,new,Source list updated: June 29 2026 | Source PDF marks some employers in red as not hiring (colour not available in text extract).
thunder-bay|the-courthouse-hotel-thunder-bay-277camelotstthunderbay,thunder-bay,"The Courthouse Hotel, Thunder Bay","277 Camelot St., Thunder Bay",,unknown,https://gotothunderbay.ca/wp-content/uploads/2026/08/As-of-August-13-2026.pdf,pdf,2026-09-10T20:55:54.670Z,2026-09-10T20:55:54.670Z,active,FALSE,new,Source list updated: June 29 2026 | Source PDF marks some employers in red as not hiring (colour not available in text extract).
thunder-bay|the-eddy-restaurant-4744highway1117pobox269k,thunder-bay,The Eddy Restaurant,"4744 Highway 11/17, P.O.Box 269, Kakabeka Falls",,unknown,https://gotothunderbay.ca/wp-content/uploads/2026/08/As-of-August-13-2026.pdf,pdf,2026-09-10T20:55:54.670Z,2026-09-10T20:55:54.670Z,active,FALSE,new,Source list updated: June 29 2026 | Source PDF marks some employers in red as not hiring (colour not available in text extract).
thunder-bay|the-haven-hostel-226ambrosestreetthunderb,thunder-bay,The Haven Hostel,"226 Ambrose Street, Thunder Bay",,unknown,https://gotothunderbay.ca/wp-content/uploads/2026/08/As-of-August-13-2026.pdf,pdf,2026-09-10T20:55:54.670Z,2026-09-10T20:55:54.670Z,active,FALSE,new,Source list updated: June 29 2026 | Source PDF marks some employers in red as not hiring (colour not available in text extract).
thunder-bay|the-industry-social-house-782macdonellstthunderbay,thunder-bay,The Industry Social House,782 Macdonell St Thunder Bay,,unknown,https://gotothunderbay.ca/wp-content/uploads/2026/08/As-of-August-13-2026.pdf,pdf,2026-09-10T20:55:54.670Z,2026-09-10T20:55:54.670Z,active,FALSE,new,Source list updated: June 29 2026 | Source PDF marks some employers in red as not hiring (colour not available in text extract).
thunder-bay|the-lakehead-motors-951memorialavethunderbay,thunder-bay,The Lakehead Motors,951 Memorial Ave. Thunder Bay,,unknown,https://gotothunderbay.ca/wp-content/uploads/2026/08/As-of-August-13-2026.pdf,pdf,2026-09-10T20:55:54.670Z,2026-09-10T20:55:54.670Z,active,FALSE,new,Source list updated: June 29 2026 | Source PDF marks some employers in red as not hiring (colour not available in text extract).
thunder-bay|the-persian-man-899tungstenstreetthunder,thunder-bay,The Persian Man,"899 Tungsten Street, Thunder Bay",,unknown,https://gotothunderbay.ca/wp-content/uploads/2026/08/As-of-August-13-2026.pdf,pdf,2026-09-10T20:55:54.670Z,2026-09-10T20:55:54.670Z,active,FALSE,new,Source list updated: June 29 2026 | Source PDF marks some employers in red as not hiring (colour not available in text extract).
thunder-bay|the-salvation-army-journey-to-life-centre-545cumberlandstnthunderb,thunder-bay,The Salvation Army - Journey to Life Centre,"545 Cumberland St. N., Thunder Bay",,unknown,https://gotothunderbay.ca/wp-content/uploads/2026/08/As-of-August-13-2026.pdf,pdf,2026-09-10T20:55:54.670Z,2026-09-10T20:55:54.670Z,active,FALSE,new,Source list updated: June 29 2026 | Source PDF marks some employers in red as not hiring (colour not available in text extract).
thunder-bay|the-superior-inn-hotel-conference-centre-555westarthurstreetthund,thunder-bay,The Superior Inn Hotel & Conference Centre,555 West Arthur Street Thunder Bay,,unknown,https://gotothunderbay.ca/wp-content/uploads/2026/08/As-of-August-13-2026.pdf,pdf,2026-09-10T20:55:54.670Z,2026-09-10T20:55:54.670Z,active,FALSE,new,Source list updated: June 29 2026 | Source PDF marks some employers in red as not hiring (colour not available in text extract).
thunder-bay|the-tilted-turret-135archibaldstnthunderba,thunder-bay,The Tilted Turret,"135 Archibald St N, Thunder Bay",,unknown,https://gotothunderbay.ca/wp-content/uploads/2026/08/As-of-August-13-2026.pdf,pdf,2026-09-10T20:55:54.670Z,2026-09-10T20:55:54.670Z,active,FALSE,new,Source list updated: June 29 2026 | Source PDF marks some employers in red as not hiring (colour not available in text extract).
thunder-bay|the-ups-store-096-1100memorialavethunderba,thunder-bay,THE UPS STORE 096,"1100 MEMORIAL AVE, Thunder Bay",,unknown,https://gotothunderbay.ca/wp-content/uploads/2026/08/As-of-August-13-2026.pdf,pdf,2026-09-10T20:55:54.670Z,2026-09-10T20:55:54.670Z,active,FALSE,new,Source list updated: June 29 2026 | Source PDF marks some employers in red as not hiring (colour not available in text extract).
thunder-bay|thriftys-inc-2005-1000fortwilliamroadunitb,thunder-bay,Thriftys Inc (2005),"1000 Fort William Road Unit #B7/8, Thunder Bay",,unknown,https://gotothunderbay.ca/wp-content/uploads/2026/08/As-of-August-13-2026.pdf,pdf,2026-09-10T20:55:54.670Z,2026-09-10T20:55:54.670Z,active,FALSE,new,Source list updated: June 29 2026 | Source PDF marks some employers in red as not hiring (colour not available in text extract).
thunder-bay|thunder-airlines-310hectordougallwaythund,thunder-bay,Thunder Airlines,"310 Hector Dougall Way, Thunder Bay",,unknown,https://gotothunderbay.ca/wp-content/uploads/2026/08/As-of-August-13-2026.pdf,pdf,2026-09-10T20:55:54.670Z,2026-09-10T20:55:54.670Z,active,FALSE,new,Source list updated: June 29 2026 | Source PDF marks some employers in red as not hiring (colour not available in text extract).
thunder-bay|thunder-apple-north-inc-applebees-1155alloydrivethunderbay,thunder-bay,Thunder Apple North Inc.- Applebees,"1155 Alloy Drive, Thunder Bay",,unknown,https://gotothunderbay.ca/wp-content/uploads/2026/08/As-of-August-13-2026.pdf,pdf,2026-09-10T20:55:54.670Z,2026-09-10T20:55:54.670Z,active,FALSE,new,Source list updated: June 29 2026 | Source PDF marks some employers in red as not hiring (colour not available in text extract).
thunder-bay|thunder-bay-auto-parts-520squierstreetthunderba,thunder-bay,Thunder Bay Auto Parts,"520 Squier Street, Thunder Bay",,unknown,https://gotothunderbay.ca/wp-content/uploads/2026/08/As-of-August-13-2026.pdf,pdf,2026-09-10T20:55:54.670Z,2026-09-10T20:55:54.670Z,active,FALSE,new,Source list updated: June 29 2026 | Source PDF marks some employers in red as not hiring (colour not available in text extract).
thunder-bay|thunder-bay-aviation-ltd-309hectordougallwaythund,thunder-bay,Thunder Bay Aviation Ltd,"309 Hector Dougall Way, Thunder Bay",,unknown,https://gotothunderbay.ca/wp-content/uploads/2026/08/As-of-August-13-2026.pdf,pdf,2026-09-10T20:55:54.670Z,2026-09-10T20:55:54.670Z,active,FALSE,new,Source list updated: June 29 2026 | Source PDF marks some employers in red as not hiring (colour not available in text extract).
thunder-bay|thunder-bay-catholic-district-school-board-459victoriaavewthunderba,thunder-bay,Thunder Bay Catholic District School Board,459 Victoria Ave W Thunder Bay,,unknown,https://gotothunderbay.ca/wp-content/uploads/2026/08/As-of-August-13-2026.pdf,pdf,2026-09-10T20:55:54.670Z,2026-09-10T20:55:54.670Z,active,FALSE,new,Source list updated: June 29 2026 | Source PDF marks some employers in red as not hiring (colour not available in text extract).
thunder-bay|thunder-bay-chamber-of-commerce-34cumberlandstnsuite702t,thunder-bay,Thunder Bay Chamber of Commerce,"34 Cumberland St N, Suite 702, Thunder Bay",,unknown,https://gotothunderbay.ca/wp-content/uploads/2026/08/As-of-August-13-2026.pdf,pdf,2026-09-10T20:55:54.670Z,2026-09-10T20:55:54.670Z,active,FALSE,new,Source list updated: June 29 2026 | Source PDF marks some employers in red as not hiring (colour not available in text extract).
thunder-bay|thunder-bay-counselling-544winnipegavethunderbay,thunder-bay,Thunder Bay Counselling,544 Winnipeg Ave Thunder Bay,,unknown,https://gotothunderbay.ca/wp-content/uploads/2026/08/As-of-August-13-2026.pdf,pdf,2026-09-10T20:55:54.670Z,2026-09-10T20:55:54.670Z,active,FALSE,new,Source list updated: June 29 2026 | Source PDF marks some employers in red as not hiring (colour not available in text extract).
thunder-bay|thunder-bay-electronics-87hillstreetnorththunder,thunder-bay,Thunder Bay Electronics,87 Hill Street North Thunder Bay,,unknown,https://gotothunderbay.ca/wp-content/uploads/2026/08/As-of-August-13-2026.pdf,pdf,2026-09-10T20:55:54.670Z,2026-09-10T20:55:54.670Z,active,FALSE,new,Source list updated: June 29 2026 | Source PDF marks some employers in red as not hiring (colour not available in text extract).
thunder-bay|thunder-bay-elite-soccer-inc-535chapplesparkdrivethun,thunder-bay,Thunder Bay Elite Soccer Inc.,"535 Chapples Park Drive, Thunder Bay",,unknown,https://gotothunderbay.ca/wp-content/uploads/2026/08/As-of-August-13-2026.pdf,pdf,2026-09-10T20:55:54.670Z,2026-09-10T20:55:54.670Z,active,FALSE,new,Source list updated: June 29 2026 | Source PDF marks some employers in red as not hiring (colour not available in text extract).
thunder-bay|thunder-bay-estate-sales-auction-2015metcalfeavethunderba,thunder-bay,Thunder Bay Estate Sales & Auction,"2015 Metcalfe Ave, Thunder Bay",,unknown,https://gotothunderbay.ca/wp-content/uploads/2026/08/As-of-August-13-2026.pdf,pdf,2026-09-10T20:55:54.670Z,2026-09-10T20:55:54.670Z,active,FALSE,new,Source list updated: June 29 2026 | Source PDF marks some employers in red as not hiring (colour not available in text extract).
thunder-bay|thunder-bay-harley-davidson-636arthurstreetwest,thunder-bay,Thunder Bay Harley-Davidson,636 Arthur Street West,,unknown,https://gotothunderbay.ca/wp-content/uploads/2026/08/As-of-August-13-2026.pdf,pdf,2026-09-10T20:55:54.670Z,2026-09-10T20:55:54.670Z,active,FALSE,new,Source list updated: June 29 2026 | Source PDF marks some employers in red as not hiring (colour not available in text extract).
thunder-bay|thunder-bay-husky-travel-centre-1120alloydrthunderbay,thunder-bay,Thunder Bay Husky Travel Centre,"1120 Alloy Dr, Thunder Bay",,unknown,https://gotothunderbay.ca/wp-content/uploads/2026/08/As-of-August-13-2026.pdf,pdf,2026-09-10T20:55:54.670Z,2026-09-10T20:55:54.670Z,active,FALSE,new,Source list updated: June 29 2026 | Source PDF marks some employers in red as not hiring (colour not available in text extract).
thunder-bay|thunder-bay-hydraulics-701montrealstthunderbay,thunder-bay,Thunder Bay Hydraulics,701 Montreal St. Thunder Bay,,unknown,https://gotothunderbay.ca/wp-content/uploads/2026/08/As-of-August-13-2026.pdf,pdf,2026-09-10T20:55:54.670Z,2026-09-10T20:55:54.670Z,active,FALSE,new,Source list updated: June 29 2026 | Source PDF marks some employers in red as not hiring (colour not available in text extract).
thunder-bay|thunder-bay-mitsubishi-872coppercrescentthunder,thunder-bay,Thunder Bay Mitsubishi,872 Copper Crescent Thunder Bay,,unknown,https://gotothunderbay.ca/wp-content/uploads/2026/08/As-of-August-13-2026.pdf,pdf,2026-09-10T20:55:54.670Z,2026-09-10T20:55:54.670Z,active,FALSE,new,Source list updated: June 29 2026 | Source PDF marks some employers in red as not hiring (colour not available in text extract).
thunder-bay|thunder-bay-multi-trades-inc-1520edwardststhunderbay,thunder-bay,Thunder Bay Multi Trades Inc.,1520 Edward St S. Thunder Bay,,unknown,https://gotothunderbay.ca/wp-content/uploads/2026/08/As-of-August-13-2026.pdf,pdf,2026-09-10T20:55:54.670Z,2026-09-10T20:55:54.670Z,active,FALSE,new,Source list updated: June 29 2026 | Source PDF marks some employers in red as not hiring (colour not available in text extract).
thunder-bay|thunder-bay-naturopathic-clinic-219algomastreetsouththun,thunder-bay,Thunder Bay Naturopathic Clinic,"219 Algoma Street South, Thunder Bay",,unknown,https://gotothunderbay.ca/wp-content/uploads/2026/08/As-of-August-13-2026.pdf,pdf,2026-09-10T20:55:54.670Z,2026-09-10T20:55:54.670Z,active,FALSE,new,Source list updated: June 29 2026 | Source PDF marks some employers in red as not hiring (colour not available in text extract).
thunder-bay|thunder-bay-public-library-285redriverrdthunderbay,thunder-bay,Thunder Bay Public Library,"285 Red River Rd, Thunder Bay",,unknown,https://gotothunderbay.ca/wp-content/uploads/2026/08/As-of-August-13-2026.pdf,pdf,2026-09-10T20:55:54.670Z,2026-09-10T20:55:54.670Z,active,FALSE,new,Source list updated: June 29 2026 | Source PDF marks some employers in red as not hiring (colour not available in text extract).
thunder-bay|thunder-bay-regional-health-sciences-centre-980oliverroadthunderbay,thunder-bay,Thunder Bay Regional Health Sciences Centre,"980 Oliver Road, Thunder Bay",,unknown,https://gotothunderbay.ca/wp-content/uploads/2026/08/As-of-August-13-2026.pdf,pdf,2026-09-10T20:55:54.670Z,2026-09-10T20:55:54.670Z,active,FALSE,new,Source list updated: June 29 2026 | Source PDF marks some employers in red as not hiring (colour not available in text extract).
thunder-bay|thunder-bay-ventures-1043gorhamstunitdthunder,thunder-bay,THUNDER BAY VENTURES,"1043 Gorham St Unit D, Thunder Bay",,unknown,https://gotothunderbay.ca/wp-content/uploads/2026/08/As-of-August-13-2026.pdf,pdf,2026-09-10T20:55:54.670Z,2026-09-10T20:55:54.670Z,active,FALSE,new,Source list updated: June 29 2026 | Source PDF marks some employers in red as not hiring (colour not available in text extract).
thunder-bay|thunder-bay-xerographix-inc-910alloydrthunderbay,thunder-bay,Thunder Bay Xerographix Inc.,"910 Alloy Dr, Thunder Bay",,unknown,https://gotothunderbay.ca/wp-content/uploads/2026/08/As-of-August-13-2026.pdf,pdf,2026-09-10T20:55:54.670Z,2026-09-10T20:55:54.670Z,active,FALSE,new,Source list updated: June 29 2026 | Source PDF marks some employers in red as not hiring (colour not available in text extract).
thunder-bay|tina-s-breakfast-and-lunch-1170memorialavethunderba,thunder-bay,TINA'S BREAKFAST AND LUNCH,"1170 Memorial Ave, Thunder Bay",,unknown,https://gotothunderbay.ca/wp-content/uploads/2026/08/As-of-August-13-2026.pdf,pdf,2026-09-10T20:55:54.670Z,2026-09-10T20:55:54.670Z,active,FALSE,new,Source list updated: June 29 2026 | Source PDF marks some employers in red as not hiring (colour not available in text extract).
thunder-bay|tom-jones-corporation-560squierplacethunderbay,thunder-bay,Tom Jones Corporation,"560 Squier Place, Thunder Bay",,unknown,https://gotothunderbay.ca/wp-content/uploads/2026/08/As-of-August-13-2026.pdf,pdf,2026-09-10T20:55:54.670Z,2026-09-10T20:55:54.670Z,active,FALSE,new,Source list updated: June 29 2026 | Source PDF marks some employers in red as not hiring (colour not available in text extract).
thunder-bay|tomlin-20212redriverroadthunder,thunder-bay,Tomlin,"202 1/2 Red River Road, Thunder Bay",,unknown,https://gotothunderbay.ca/wp-content/uploads/2026/08/As-of-August-13-2026.pdf,pdf,2026-09-10T20:55:54.670Z,2026-09-10T20:55:54.670Z,active,FALSE,new,Source list updated: June 29 2026 | Source PDF marks some employers in red as not hiring (colour not available in text extract).
thunder-bay|top-rung-painting-47ruttanstthunderbay,thunder-bay,Top Rung Painting,47 Ruttan st Thunder Bay,,unknown,https://gotothunderbay.ca/wp-content/uploads/2026/08/As-of-August-13-2026.pdf,pdf,2026-09-10T20:55:54.670Z,2026-09-10T20:55:54.670Z,active,FALSE,new,Source list updated: June 29 2026 | Source PDF marks some employers in red as not hiring (colour not available in text extract).
thunder-bay|toromont-cat-620beaverhallplthunderba,thunder-bay,Toromont Cat,"620 Beaverhall Pl, Thunder Bay",,unknown,https://gotothunderbay.ca/wp-content/uploads/2026/08/As-of-August-13-2026.pdf,pdf,2026-09-10T20:55:54.670Z,2026-09-10T20:55:54.670Z,active,FALSE,new,Source list updated: June 29 2026 | Source PDF marks some employers in red as not hiring (colour not available in text extract).
thunder-bay|triad-exterior-contracting-ltd-800norahcresthunderbay,thunder-bay,Triad Exterior Contracting Ltd.,800 Norah Cres. Thunder Bay,,unknown,https://gotothunderbay.ca/wp-content/uploads/2026/08/As-of-August-13-2026.pdf,pdf,2026-09-10T20:55:54.670Z,2026-09-10T20:55:54.670Z,active,FALSE,new,Source list updated: June 29 2026 | Source PDF marks some employers in red as not hiring (colour not available in text extract).
thunder-bay|turn-key-construction-inc-1450rosslynroad,thunder-bay,Turn-key Construction INC.,1450 Rosslyn Road,,unknown,https://gotothunderbay.ca/wp-content/uploads/2026/08/As-of-August-13-2026.pdf,pdf,2026-09-10T20:55:54.670Z,2026-09-10T20:55:54.670Z,active,FALSE,new,Source list updated: June 29 2026 | Source PDF marks some employers in red as not hiring (colour not available in text extract).
thunder-bay|u2fastener-100mainstreetkeefertermi,thunder-bay,U2Fastener,"100 Main Street, Keefer Terminal, Suite 500, Thunder Bay",,unknown,https://gotothunderbay.ca/wp-content/uploads/2026/08/As-of-August-13-2026.pdf,pdf,2026-09-10T20:55:54.670Z,2026-09-10T20:55:54.670Z,active,FALSE,new,Source list updated: June 29 2026 | Source PDF marks some employers in red as not hiring (colour not available in text extract).
thunder-bay|unitized-manufacturing-2020-ltd-676squierstthunderbay,thunder-bay,Unitized Manufacturing (2020) Ltd.,676 Squier St. Thunder Bay,,unknown,https://gotothunderbay.ca/wp-content/uploads/2026/08/As-of-August-13-2026.pdf,pdf,2026-09-10T20:55:54.670Z,2026-09-10T20:55:54.670Z,active,FALSE,new,Source list updated: June 29 2026 | Source PDF marks some employers in red as not hiring (colour not available in text extract).
thunder-bay|urban-abbey-308redriverrdthunderbay,thunder-bay,Urban Abbey,"308 Red River Rd, Thunder Bay",,unknown,https://gotothunderbay.ca/wp-content/uploads/2026/08/As-of-August-13-2026.pdf,pdf,2026-09-10T20:55:54.670Z,2026-09-10T20:55:54.670Z,active,FALSE,new,Source list updated: June 29 2026 | Source PDF marks some employers in red as not hiring (colour not available in text extract).
thunder-bay|used-car-superstore-819fortwilliamroadthunde,thunder-bay,Used Car Superstore,819 Fort William Road Thunder Bay,,unknown,https://gotothunderbay.ca/wp-content/uploads/2026/08/As-of-August-13-2026.pdf,pdf,2026-09-10T20:55:54.670Z,2026-09-10T20:55:54.670Z,active,FALSE,new,Source list updated: June 29 2026 | Source PDF marks some employers in red as not hiring (colour not available in text extract).
thunder-bay|valhalla-hotel-conference-centre-1valhallainnroadthunderb,thunder-bay,Valhalla Hotel & Conference Centre,"1 Valhalla Inn Road, Thunder Bay",,unknown,https://gotothunderbay.ca/wp-content/uploads/2026/08/As-of-August-13-2026.pdf,pdf,2026-09-10T20:55:54.670Z,2026-09-10T20:55:54.670Z,active,FALSE,new,Source list updated: June 29 2026 | Source PDF marks some employers in red as not hiring (colour not available in text extract).
thunder-bay|vanderwees-garden-gallery-6488maplewardroadthunder,thunder-bay,Vanderwees Garden Gallery,"6488 Mapleward Road, Thunder Bay,",,unknown,https://gotothunderbay.ca/wp-content/uploads/2026/08/As-of-August-13-2026.pdf,pdf,2026-09-10T20:55:54.670Z,2026-09-10T20:55:54.670Z,active,FALSE,new,Source list updated: June 29 2026 | Source PDF marks some employers in red as not hiring (colour not available in text extract).
thunder-bay|vedic-cultural-centre-thunder-bay-1600deasestreetthunderba,thunder-bay,"Vedic Cultural Centre, Thunder Bay","1600 Dease Street, Thunder Bay",,unknown,https://gotothunderbay.ca/wp-content/uploads/2026/08/As-of-August-13-2026.pdf,pdf,2026-09-10T20:55:54.670Z,2026-09-10T20:55:54.670Z,active,FALSE,new,Source list updated: June 29 2026 | Source PDF marks some employers in red as not hiring (colour not available in text extract).
thunder-bay|victorian-order-of-nurses-for-canada-von-canada-1265arthurstesuite600thu,thunder-bay,Victorian Order of Nurses for Canada - VON Canada,"1265 Arthur St E Suite 600, Thunder Bay",,unknown,https://gotothunderbay.ca/wp-content/uploads/2026/08/As-of-August-13-2026.pdf,pdf,2026-09-10T20:55:54.670Z,2026-09-10T20:55:54.670Z,active,FALSE,new,Source list updated: June 29 2026 | Source PDF marks some employers in red as not hiring (colour not available in text extract).
thunder-bay|vp-s-cleaning-service-unitb217algomaststhunder,thunder-bay,VP'S CLEANING SERVICE,"UNIT B, 217 ALGOMA ST S, Thunder Bay",,unknown,https://gotothunderbay.ca/wp-content/uploads/2026/08/As-of-August-13-2026.pdf,pdf,2026-09-10T20:55:54.670Z,2026-09-10T20:55:54.670Z,active,FALSE,new,Source list updated: June 29 2026 | Source PDF marks some employers in red as not hiring (colour not available in text extract).
thunder-bay|walid-shabana-medicine-professional-corporation-146courtststhunderbay,thunder-bay,Walid Shabana Medicine Professional Corporation,"146 Court St S, Thunder Bay",,unknown,https://gotothunderbay.ca/wp-content/uploads/2026/08/As-of-August-13-2026.pdf,pdf,2026-09-10T20:55:54.670Z,2026-09-10T20:55:54.670Z,active,FALSE,new,Source list updated: June 29 2026 | Source PDF marks some employers in red as not hiring (colour not available in text extract).
thunder-bay|wal-mart-canada-corp-1020dawsonrdthunderbay,thunder-bay,Wal-Mart Canada Corp,"1020 Dawson Rd, Thunder Bay",,unknown,https://gotothunderbay.ca/wp-content/uploads/2026/08/As-of-August-13-2026.pdf,pdf,2026-09-10T20:55:54.670Z,2026-09-10T20:55:54.670Z,active,FALSE,new,Source list updated: June 29 2026 | Source PDF marks some employers in red as not hiring (colour not available in text extract).
thunder-bay|wal-mart-canada-corp-1101arthurstwthunderbay,thunder-bay,Wal-Mart Canada Corp,"1101 Arthur St W, Thunder Bay",,unknown,https://gotothunderbay.ca/wp-content/uploads/2026/08/As-of-August-13-2026.pdf,pdf,2026-09-10T20:55:54.670Z,2026-09-10T20:55:54.670Z,active,FALSE,new,Source list updated: June 29 2026 | Source PDF marks some employers in red as not hiring (colour not available in text extract).
thunder-bay|wal-mart-canada-corp-777memorialavethunderbay,thunder-bay,Wal-Mart Canada Corp,"777 Memorial Ave, Thunder Bay",,unknown,https://gotothunderbay.ca/wp-content/uploads/2026/08/As-of-August-13-2026.pdf,pdf,2026-09-10T20:55:54.670Z,2026-09-10T20:55:54.670Z,active,FALSE,new,Source list updated: June 29 2026 | Source PDF marks some employers in red as not hiring (colour not available in text extract).
thunder-bay|wasabi-restaurant-538arthurstwestthunderba,thunder-bay,WASABI RESTAURANT,"538 ARTHUR ST WEST, Thunder Bay",,unknown,https://gotothunderbay.ca/wp-content/uploads/2026/08/As-of-August-13-2026.pdf,pdf,2026-09-10T20:55:54.670Z,2026-09-10T20:55:54.670Z,active,FALSE,new,Source list updated: June 29 2026 | Source PDF marks some employers in red as not hiring (colour not available in text extract).
thunder-bay|wasaya-airways-201kelnerplacethunderbay,thunder-bay,Wasaya Airways,"201 Kelner Place, Thunder Bay",,unknown,https://gotothunderbay.ca/wp-content/uploads/2026/08/As-of-August-13-2026.pdf,pdf,2026-09-10T20:55:54.670Z,2026-09-10T20:55:54.670Z,active,FALSE,new,Source list updated: June 29 2026 | Source PDF marks some employers in red as not hiring (colour not available in text extract).
thunder-bay|wayne-toyota-787centralavethunderbay,thunder-bay,WAYNE TOYOTA,"787 CENTRAL AVE, Thunder Bay",,unknown,https://gotothunderbay.ca/wp-content/uploads/2026/08/As-of-August-13-2026.pdf,pdf,2026-09-10T20:55:54.670Z,2026-09-10T20:55:54.670Z,active,FALSE,new,Source list updated: June 29 2026 | Source PDF marks some employers in red as not hiring (colour not available in text extract).
thunder-bay|westfort-family-dental-124fredericastreeteastth,thunder-bay,WESTFORT FAMILY DENTAL,"124 FREDERICA STREET EAST , Thunder Bay",,unknown,https://gotothunderbay.ca/wp-content/uploads/2026/08/As-of-August-13-2026.pdf,pdf,2026-09-10T20:55:54.670Z,2026-09-10T20:55:54.670Z,active,FALSE,new,Source list updated: June 29 2026 | Source PDF marks some employers in red as not hiring (colour not available in text extract).
thunder-bay|wesway-2101703victoriaavenueeas,thunder-bay,Wesway,"#210-1703 Victoria Avenue East, Thunder Bay",,unknown,https://gotothunderbay.ca/wp-content/uploads/2026/08/As-of-August-13-2026.pdf,pdf,2026-09-10T20:55:54.670Z,2026-09-10T20:55:54.670Z,active,FALSE,new,Source list updated: June 29 2026 | Source PDF marks some employers in red as not hiring (colour not available in text extract).
thunder-bay|wilco-contractors-superior-inc-3031arthurstreetwestthun,thunder-bay,WILCO CONTRACTORS SUPERIOR INC,"3031 ARTHUR STREET, WEST Thunder Bay",,unknown,https://gotothunderbay.ca/wp-content/uploads/2026/08/As-of-August-13-2026.pdf,pdf,2026-09-10T20:55:54.670Z,2026-09-10T20:55:54.670Z,active,FALSE,new,Source list updated: June 29 2026 | Source PDF marks some employers in red as not hiring (colour not available in text extract).
thunder-bay|woking-bird-restaurant-425edwardstnunit5thunder,thunder-bay,Woking Bird Restaurant,425 Edward St N (unit 5). Thunder Bay,,unknown,https://gotothunderbay.ca/wp-content/uploads/2026/08/As-of-August-13-2026.pdf,pdf,2026-09-10T20:55:54.670Z,2026-09-10T20:55:54.670Z,active,FALSE,new,Source list updated: June 29 2026 | Source PDF marks some employers in red as not hiring (colour not available in text extract).
thunder-bay|ym-inc-ventes-thriftys-inc-2005-1000fortwilliamroadunitb,thunder-bay,YM Inc. (Ventes) - Thriftys Inc (2005),"1000 Fort William Road Unit #B7/8, Thunder Bay",,unknown,https://gotothunderbay.ca/wp-content/uploads/2026/08/As-of-August-13-2026.pdf,pdf,2026-09-10T20:55:54.670Z,2026-09-10T20:55:54.670Z,active,FALSE,new,Source list updated: June 29 2026 | Source PDF marks some employers in red as not hiring (colour not available in text extract).
thunder-bay|ym-inc-sales-urban-kids-1000fortwilliamroadunit4,thunder-bay,"YM, Inc (Sales)- Urban Kids",1000 Fort William Road Unit #49A Thunder Bay,,unknown,https://gotothunderbay.ca/wp-content/uploads/2026/08/As-of-August-13-2026.pdf,pdf,2026-09-10T20:55:54.670Z,2026-09-10T20:55:54.670Z,active,FALSE,new,Source list updated: June 29 2026 | Source PDF marks some employers in red as not hiring (colour not available in text extract).
thunder-bay|ym-inc-sales-urban-planet-1000fortwilliamroadunits,thunder-bay,"YM, Inc (Sales) Urban Planet","1000 Fort William Road Unit #S-1, Thunder Bay",,unknown,https://gotothunderbay.ca/wp-content/uploads/2026/08/As-of-August-13-2026.pdf,pdf,2026-09-10T20:55:54.670Z,2026-09-10T20:55:54.670Z,active,FALSE,new,Source list updated: June 29 2026 | Source PDF marks some employers in red as not hiring (colour not available in text extract).
thunder-bay|business-designated-but-currently-excluded-from-2026-rcip-1000661225-ontario-inc-807redriverroadthunderba,thunder-bay,"Business Designated, but currently excluded from 2026 RCIP 1000661225 Ontario Inc- CIRCLE K","807 Red River Road, Thunder Bay",,unknown,https://gotothunderbay.ca/wp-content/uploads/2026/08/As-of-August-13-2026.pdf,pdf,2026-09-10T20:55:54.670Z,2026-09-10T20:55:54.670Z,active,FALSE,new,Source list updated: June 29 2026 | Source PDF marks some employers in red as not hiring (colour not available in text extract).
thunder-bay|10569003-canada-inc-shell-red-river-428cumberlandstnthunderb,thunder-bay,10569003 CANADA INC - Shell Red River,"428 Cumberland St N, Thunder Bay",,unknown,https://gotothunderbay.ca/wp-content/uploads/2026/08/As-of-August-13-2026.pdf,pdf,2026-09-10T20:55:54.670Z,2026-09-10T20:55:54.670Z,active,FALSE,new,Source list updated: June 29 2026 | Source PDF marks some employers in red as not hiring (colour not available in text extract).
thunder-bay|1164301-ontario-inc-dairy-queen-cumberland-109reginaavethunderbay,thunder-bay,"1164301 Ontario Inc- Dairy Queen, Cumberland","109 Regina Ave, Thunder Bay",,unknown,https://gotothunderbay.ca/wp-content/uploads/2026/08/As-of-August-13-2026.pdf,pdf,2026-09-10T20:55:54.670Z,2026-09-10T20:55:54.670Z,active,FALSE,new,Source list updated: June 29 2026 | Source PDF marks some employers in red as not hiring (colour not available in text extract).
thunder-bay|1468155-ontarion-inc-franki-s-pizzeria-3balsamstreetthunderbay,thunder-bay,1468155 ONTARION INC- Franki's Pizzeria,"3 Balsam Street, Thunder Bay",,unknown,https://gotothunderbay.ca/wp-content/uploads/2026/08/As-of-August-13-2026.pdf,pdf,2026-09-10T20:55:54.670Z,2026-09-10T20:55:54.670Z,active,FALSE,new,Source list updated: June 29 2026 | Source PDF marks some employers in red as not hiring (colour not available in text extract).
thunder-bay|14786068-canada-inc-circle-k-550beverlystthunderbay,thunder-bay,14786068 Canada Inc. - CIRCLE K,550 BEVERLY ST Thunder Bay,,unknown,https://gotothunderbay.ca/wp-content/uploads/2026/08/As-of-August-13-2026.pdf,pdf,2026-09-10T20:55:54.670Z,2026-09-10T20:55:54.670Z,active,FALSE,new,Source list updated: June 29 2026 | Source PDF marks some employers in red as not hiring (colour not available in text extract).
thunder-bay|14866321-canada-inc-circle-k-beverly-147arthurstreetwest1063d,thunder-bay,"14866321 CANADA INC- Circle K, Beverly",147 Arthur street west & 1063 Dawson Road Thunder Bay,,unknown,https://gotothunderbay.ca/wp-content/uploads/2026/08/As-of-August-13-2026.pdf,pdf,2026-09-10T20:55:54.670Z,2026-09-10T20:55:54.670Z,active,FALSE,new,Source list updated: June 29 2026 | Source PDF marks some employers in red as not hiring (colour not available in text extract).
thunder-bay|1902045-ontario-inc-petro-can-aruthur-dawson-100princessstreetthunder,thunder-bay,1902045 Ontario INC.- Petro Can Aruthur & Dawson,"100 Princess Street, Thunder Bay",,unknown,https://gotothunderbay.ca/wp-content/uploads/2026/08/As-of-August-13-2026.pdf,pdf,2026-09-10T20:55:54.670Z,2026-09-10T20:55:54.670Z,active,FALSE,new,Source list updated: June 29 2026 | Source PDF marks some employers in red as not hiring (colour not available in text extract).
thunder-bay|1974809-ontario-inc-nomad-1186dawsonrdthunderbay,thunder-bay,1974809 Ontario Inc. - NOMAD,"1186 DAWSON RD, THUNDER BAY",,unknown,https://gotothunderbay.ca/wp-content/uploads/2026/08/As-of-August-13-2026.pdf,pdf,2026-09-10T20:55:54.670Z,2026-09-10T20:55:54.670Z,active,FALSE,new,Source list updated: June 29 2026 | Source PDF marks some employers in red as not hiring (colour not available in text extract).
thunder-bay|2234810-ontario-inc-circle-k-dawson-300lilliestreetnorth980o,thunder-bay,2234810 ONTARIO INC - CIRCLE K Dawson,"300 Lillie Street North & 980 Oliver Road, Thunder Bay",,unknown,https://gotothunderbay.ca/wp-content/uploads/2026/08/As-of-August-13-2026.pdf,pdf,2026-09-10T20:55:54.670Z,2026-09-10T20:55:54.670Z,active,FALSE,new,Source list updated: June 29 2026 | Source PDF marks some employers in red as not hiring (colour not available in text extract).
thunder-bay|2543871-ontario-limited-robin-s-donuts-lillie-oliver-109595arthurstwthunderba,thunder-bay,2543871 Ontario Limited - Robin's Donuts (Lillie & Oliver),"109-595 Arthur St W, Thunder Bay",,unknown,https://gotothunderbay.ca/wp-content/uploads/2026/08/As-of-August-13-2026.pdf,pdf,2026-09-10T20:55:54.670Z,2026-09-10T20:55:54.670Z,active,FALSE,new,Source list updated: June 29 2026 | Source PDF marks some employers in red as not hiring (colour not available in text extract).
thunder-bay|2671352-ontario-inc-osmows-481hodderavenuethunderba,thunder-bay,2671352 Ontario Inc.- Osmows,"481 Hodder Avenue, Thunder Bay",,unknown,https://gotothunderbay.ca/wp-content/uploads/2026/08/As-of-August-13-2026.pdf,pdf,2026-09-10T20:55:54.670Z,2026-09-10T20:55:54.670Z,active,FALSE,new,Source list updated: June 29 2026 | Source PDF marks some employers in red as not hiring (colour not available in text extract).
thunder-bay|2698429-ontario-inc-beefcake-s-burger-factory-601southernavethunderbay,thunder-bay,2698429 Ontario Inc- BeefCake's Burger Factory,"601 Southern Ave, Thunder Bay",,unknown,https://gotothunderbay.ca/wp-content/uploads/2026/08/As-of-August-13-2026.pdf,pdf,2026-09-10T20:55:54.670Z,2026-09-10T20:55:54.670Z,active,FALSE,new,Source list updated: June 29 2026 | Source PDF marks some employers in red as not hiring (colour not available in text extract).
thunder-bay|502039-ontario-ltd-dairy-queen-southern-606victoriaavenueeastthu,thunder-bay,"502039 Ontario Ltd. - Dairy Queen, Southern","606 Victoria Avenue East, Thunder Bay",,unknown,https://gotothunderbay.ca/wp-content/uploads/2026/08/As-of-August-13-2026.pdf,pdf,2026-09-10T20:55:54.670Z,2026-09-10T20:55:54.670Z,active,FALSE,new,Source list updated: June 29 2026 | Source PDF marks some employers in red as not hiring (colour not available in text extract).
thunder-bay|ajibo-shop-470hodderavethunderbay,thunder-bay,Ajibo Shop,"470 Hodder Ave., Thunder Bay",,unknown,https://gotothunderbay.ca/wp-content/uploads/2026/08/As-of-August-13-2026.pdf,pdf,2026-09-10T20:55:54.670Z,2026-09-10T20:55:54.670Z,active,FALSE,new,Source list updated: June 29 2026 | Source PDF marks some employers in red as not hiring (colour not available in text extract).
thunder-bay|angelo-s-pizza-and-sub-854redriverrdthunderbay,thunder-bay,Angelo's Pizza and Sub,"854 Red River Rd, Thunder Bay",,unknown,https://gotothunderbay.ca/wp-content/uploads/2026/08/As-of-August-13-2026.pdf,pdf,2026-09-10T20:55:54.670Z,2026-09-10T20:55:54.670Z,active,FALSE,new,Source list updated: June 29 2026 | Source PDF marks some employers in red as not hiring (colour not available in text extract).
thunder-bay|arby-s-301595arthurstwthunderba,thunder-bay,ARBY'S,"301-595 Arthur St W, Thunder Bay",,unknown,https://gotothunderbay.ca/wp-content/uploads/2026/08/As-of-August-13-2026.pdf,pdf,2026-09-10T20:55:54.670Z,2026-09-10T20:55:54.670Z,active,FALSE,new,Source list updated: June 29 2026 | Source PDF marks some employers in red as not hiring (colour not available in text extract).
thunder-bay|bar-burrito-1085memorialavenuethunde,thunder-bay,Bar Burrito,"1085 Memorial Avenue, Thunder Bay",,unknown,https://gotothunderbay.ca/wp-content/uploads/2026/08/As-of-August-13-2026.pdf,pdf,2026-09-10T20:55:54.670Z,2026-09-10T20:55:54.670Z,active,FALSE,new,Source list updated: June 29 2026 | Source PDF marks some employers in red as not hiring (colour not available in text extract).
thunder-bay|burger-barn,thunder-bay,Burger Barn,"Thunder Bay CMA, ON",,unknown,https://gotothunderbay.ca/wp-content/uploads/2026/08/As-of-August-13-2026.pdf,pdf,2026-09-10T20:55:54.670Z,2026-09-10T20:55:54.670Z,active,FALSE,new,Source list updated: June 29 2026 | Source PDF marks some employers in red as not hiring (colour not available in text extract).
thunder-bay|burger-king-4locationsssclosed820red,thunder-bay,Burger King (,"4 locations) - S & S closed 820 Red River Rd, 1043 Memorial Ave, 1120 Valley St., 590",,unknown,https://gotothunderbay.ca/wp-content/uploads/2026/08/As-of-August-13-2026.pdf,pdf,2026-09-10T20:55:54.670Z,2026-09-10T20:55:54.670Z,active,FALSE,new,Source list updated: June 29 2026 | Source PDF marks some employers in red as not hiring (colour not available in text extract).
thunder-bay|harbour-expressway-231maystreetthunderbay,thunder-bay,"Harbour Expressway,",231 May Street - Thunder Bay,,unknown,https://gotothunderbay.ca/wp-content/uploads/2026/08/As-of-August-13-2026.pdf,pdf,2026-09-10T20:55:54.670Z,2026-09-10T20:55:54.670Z,active,FALSE,new,Source list updated: June 29 2026 | Source PDF marks some employers in red as not hiring (colour not available in text extract).
thunder-bay|calm-restaurants-tim-hortons-2005lakeshoredriveshunia,thunder-bay,CALM Restaurants- TIM HORTONS,"2005 Lakeshore Drive, Shuniah",,unknown,https://gotothunderbay.ca/wp-content/uploads/2026/08/As-of-August-13-2026.pdf,pdf,2026-09-10T20:55:54.670Z,2026-09-10T20:55:54.670Z,active,FALSE,new,Source list updated: June 29 2026 | Source PDF marks some employers in red as not hiring (colour not available in text extract).
thunder-bay|canada-13867781-crystal-beach-variety-943fortwilliamrdthunderb,thunder-bay,Canada 13867781 - Crystal Beach Variety,943 Fort William Rd Thunder Bay ON,,unknown,https://gotothunderbay.ca/wp-content/uploads/2026/08/As-of-August-13-2026.pdf,pdf,2026-09-10T20:55:54.670Z,2026-09-10T20:55:54.670Z,active,FALSE,new,Source list updated: June 29 2026 | Source PDF marks some employers in red as not hiring (colour not available in text extract).
thunder-bay|canadian-tire-gas-bar-1391-915redriverrd,thunder-bay,Canadian Tire Gas Bar #1391,915 Red river Rd,,unknown,https://gotothunderbay.ca/wp-content/uploads/2026/08/As-of-August-13-2026.pdf,pdf,2026-09-10T20:55:54.670Z,2026-09-10T20:55:54.670Z,active,FALSE,new,Source list updated: June 29 2026 | Source PDF marks some employers in red as not hiring (colour not available in text extract).
thunder-bay|circle-k-1437-ssclosed,thunder-bay,Circle K 1437,S & S closed,,unknown,https://gotothunderbay.ca/wp-content/uploads/2026/08/As-of-August-13-2026.pdf,pdf,2026-09-10T20:55:54.670Z,2026-09-10T20:55:54.670Z,active,FALSE,new,Source list updated: June 29 2026 | Source PDF marks some employers in red as not hiring (colour not available in text extract).
thunder-bay|circle-k-600-aruthur-185cumberlandstnthunderb,thunder-bay,Circle K 600 aruthur -,185 Cumberland St. N Thunder Bay ON P7A4M9,,unknown,https://gotothunderbay.ca/wp-content/uploads/2026/08/As-of-August-13-2026.pdf,pdf,2026-09-10T20:55:54.670Z,2026-09-10T20:55:54.670Z,active,FALSE,new,Source list updated: June 29 2026 | Source PDF marks some employers in red as not hiring (colour not available in text extract).
thunder-bay|circle-k-cumberland-475hodderavthunderbayont,thunder-bay,CIRCLE K CUMBERLAND,"475 HODDER AV, THUNDER BAY,ONTARIO, P7A1V3",,unknown,https://gotothunderbay.ca/wp-content/uploads/2026/08/As-of-August-13-2026.pdf,pdf,2026-09-10T20:55:54.670Z,2026-09-10T20:55:54.670Z,active,FALSE,new,Source list updated: June 29 2026 | Source PDF marks some employers in red as not hiring (colour not available in text extract).
thunder-bay|circle-k-hodder-394oliverroadthunderbay,thunder-bay,CIRCLE K HODDER,"394 Oliver Road, Thunder Bay",,unknown,https://gotothunderbay.ca/wp-content/uploads/2026/08/As-of-August-13-2026.pdf,pdf,2026-09-10T20:55:54.670Z,2026-09-10T20:55:54.670Z,active,FALSE,new,Source list updated: June 29 2026 | Source PDF marks some employers in red as not hiring (colour not available in text extract).
thunder-bay|circle-k-oliver-road-640waterlooststhunderbay,thunder-bay,Circle K Oliver Road,"640 Waterloo St. S. Thunder Bay, ON P7E 2C5",,unknown,https://gotothunderbay.ca/wp-content/uploads/2026/08/As-of-August-13-2026.pdf,pdf,2026-09-10T20:55:54.670Z,2026-09-10T20:55:54.670Z,active,FALSE,new,Source list updated: June 29 2026 | Source PDF marks some employers in red as not hiring (colour not available in text extract).
thunder-bay|circle-k-waterloo-1315arthurstethunderbayo,thunder-bay,Circle K Waterloo,1315 Arthur St. E. Thunder Bay On. P7E 5N3,,unknown,https://gotothunderbay.ca/wp-content/uploads/2026/08/As-of-August-13-2026.pdf,pdf,2026-09-10T20:55:54.670Z,2026-09-10T20:55:54.670Z,active,FALSE,new,Source list updated: June 29 2026 | Source PDF marks some employers in red as not hiring (colour not available in text extract).
thunder-bay|circlek-1721-772jamesstn863redriverrd,thunder-bay,CircleK 1721,"772 James St N, 863 Red River Rd, 969 Fort William Rd",,unknown,https://gotothunderbay.ca/wp-content/uploads/2026/08/As-of-August-13-2026.pdf,pdf,2026-09-10T20:55:54.670Z,2026-09-10T20:55:54.670Z,active,FALSE,new,Source list updated: June 29 2026 | Source PDF marks some employers in red as not hiring (colour not available in text extract).
thunder-bay|domino-s-1500jamesstsunit4thunder,thunder-bay,DOMINO'S,1500 James St S Unit 4 Thunder Bay ON P7E6N7,,unknown,https://gotothunderbay.ca/wp-content/uploads/2026/08/As-of-August-13-2026.pdf,pdf,2026-09-10T20:55:54.670Z,2026-09-10T20:55:54.670Z,active,FALSE,new,Source list updated: June 29 2026 | Source PDF marks some employers in red as not hiring (colour not available in text extract).
thunder-bay|dough-bagel-co-unitd6969fortwilliamroad,thunder-bay,DOUGH BAGEL CO.,UNIT D6-969 FORT WILLIAM ROAD THUNDER BAY,,unknown,https://gotothunderbay.ca/wp-content/uploads/2026/08/As-of-August-13-2026.pdf,pdf,2026-09-10T20:55:54.670Z,2026-09-10T20:55:54.670Z,active,FALSE,new,Source list updated: June 29 2026 | Source PDF marks some employers in red as not hiring (colour not available in text extract).
thunder-bay|dpz-thunder-bay-ltd-dominos-fort-william-road-201595arthurstwthunderba,thunder-bay,DPZ THUNDER BAY LTD.- Dominos Fort William Road,"201-595 Arthur St W,Thunder Bay,ON P7E 5R5",,unknown,https://gotothunderbay.ca/wp-content/uploads/2026/08/As-of-August-13-2026.pdf,pdf,2026-09-10T20:55:54.670Z,2026-09-10T20:55:54.670Z,active,FALSE,new,Source list updated: June 29 2026 | Source PDF marks some employers in red as not hiring (colour not available in text extract).
thunder-bay|edo-japan-3905fortwilliamrdthunder,thunder-bay,Edo Japan,"3-905 Fort William Rd, Thunder Bay,ON P7B 3A6 and 6-588 Arthur St W,Thunder Bay,ON P7E 5R7",,unknown,https://gotothunderbay.ca/wp-content/uploads/2026/08/As-of-August-13-2026.pdf,pdf,2026-09-10T20:55:54.670Z,2026-09-10T20:55:54.670Z,active,FALSE,new,Source list updated: June 29 2026 | Source PDF marks some employers in red as not hiring (colour not available in text extract).
thunder-bay|firehouse-subs-1100bmemorialavenuethund,thunder-bay,Firehouse Subs,1100 B Memorial Avenue. Thunder Bay Ontario,,unknown,https://gotothunderbay.ca/wp-content/uploads/2026/08/As-of-August-13-2026.pdf,pdf,2026-09-10T20:55:54.670Z,2026-09-10T20:55:54.670Z,active,FALSE,new,Source list updated: June 29 2026 | Source PDF marks some employers in red as not hiring (colour not available in text extract).
thunder-bay|fox-on-the-run-lunch-and-coffee-bar-1000fortwilliamroadthund,thunder-bay,Fox on the Run Lunch and Coffee Bar,"1000 FORT WILLIAM ROAD, THUNDER BAY, ONTARIO, P7B 6B9",,unknown,https://gotothunderbay.ca/wp-content/uploads/2026/08/As-of-August-13-2026.pdf,pdf,2026-09-10T20:55:54.670Z,2026-09-10T20:55:54.670Z,active,FALSE,new,Source list updated: June 29 2026 | Source PDF marks some employers in red as not hiring (colour not available in text extract).
thunder-bay|freshly-squeezed-400balmoralstthunderbayo,thunder-bay,FRESHLY SQUEEZED,"400 Balmoral St, Thunder Bay, ON, P7C 5G8, Canada",,unknown,https://gotothunderbay.ca/wp-content/uploads/2026/08/As-of-August-13-2026.pdf,pdf,2026-09-10T20:55:54.670Z,2026-09-10T20:55:54.670Z,active,FALSE,new,Source list updated: June 29 2026 | Source PDF marks some employers in red as not hiring (colour not available in text extract).
thunder-bay|gino-s-pizza-balmoral-190cumberlandstnthunderb,thunder-bay,Gino's Pizza - Balmoral,"190 Cumberland St N. Thunder Bay, ON P7A 4M8",,unknown,https://gotothunderbay.ca/wp-content/uploads/2026/08/As-of-August-13-2026.pdf,pdf,2026-09-10T20:55:54.670Z,2026-09-10T20:55:54.670Z,active,FALSE,new,Source list updated: June 29 2026 | Source PDF marks some employers in red as not hiring (colour not available in text extract).
thunder-bay|gino-s-pizza-cumberland-2617arthurstethunderbayp,thunder-bay,Gino's Pizza Cumberland,"2617 Arthur St E, ThunderBay, P7E 5P5",,unknown,https://gotothunderbay.ca/wp-content/uploads/2026/08/As-of-August-13-2026.pdf,pdf,2026-09-10T20:55:54.670Z,2026-09-10T20:55:54.670Z,active,FALSE,new,Source list updated: June 29 2026 | Source PDF marks some employers in red as not hiring (colour not available in text extract).
thunder-bay|golden-bakery-pizza-701memorialaveunit4thund,thunder-bay,Golden Bakery & Pizza,"701 Memorial Ave. Unit 4 Thunder Bay, ON P7B 3Z7",,unknown,https://gotothunderbay.ca/wp-content/uploads/2026/08/As-of-August-13-2026.pdf,pdf,2026-09-10T20:55:54.670Z,2026-09-10T20:55:54.670Z,active,FALSE,new,Source list updated: June 29 2026 | Source PDF marks some employers in red as not hiring (colour not available in text extract).
thunder-bay|goodlife-foods-co-570harbourexpresswayunit,thunder-bay,Goodlife Foods Co.,"570 Harbour Expressway, Unit 2",,unknown,https://gotothunderbay.ca/wp-content/uploads/2026/08/As-of-August-13-2026.pdf,pdf,2026-09-10T20:55:54.670Z,2026-09-10T20:55:54.670Z,active,FALSE,new,Source list updated: June 29 2026 | Source PDF marks some employers in red as not hiring (colour not available in text extract).
thunder-bay|guac-mexi-grill-445hodderavethunderbay,thunder-bay,Guac Mexi Grill,"445 Hodder Ave, Thunder Bay",,unknown,https://gotothunderbay.ca/wp-content/uploads/2026/08/As-of-August-13-2026.pdf,pdf,2026-09-10T20:55:54.670Z,2026-09-10T20:55:54.670Z,active,FALSE,new,Source list updated: June 29 2026 | Source PDF marks some employers in red as not hiring (colour not available in text extract).
thunder-bay|hodder-avenue-confectionary-ltd-hodder-greeks-1-2013arthurstethunderbay2,thunder-bay,Hodder Avenue Confectionary Ltd- Hodder Greeks 1.,"2013 Arthur St. E, Thunder Bay 2. 825 Red River Road 3. 319",,unknown,https://gotothunderbay.ca/wp-content/uploads/2026/08/As-of-August-13-2026.pdf,pdf,2026-09-10T20:55:54.670Z,2026-09-10T20:55:54.670Z,active,FALSE,new,Source list updated: June 29 2026 | Source PDF marks some employers in red as not hiring (colour not available in text extract).
thunder-bay|kfc-taco-bell-588arthurstwestthunderba,thunder-bay,KFC / Taco Bell,"588 Arthur St West, Thunder Bay, On, P7E5R7 / 843 Red River Road, Thunder Bay",,unknown,https://gotothunderbay.ca/wp-content/uploads/2026/08/As-of-August-13-2026.pdf,pdf,2026-09-10T20:55:54.670Z,2026-09-10T20:55:54.670Z,active,FALSE,new,Source list updated: June 29 2026 | Source PDF marks some employers in red as not hiring (colour not available in text extract).
thunder-bay|lakehead-restaurants-little-cesars-unit11105arthurstwthunde,thunder-bay,Lakehead Restaurants- Little Cesars,Unit#1 1105 Arthur St.W. Thunder Bay ON. P7E 5S2,,unknown,https://gotothunderbay.ca/wp-content/uploads/2026/08/As-of-August-13-2026.pdf,pdf,2026-09-10T20:55:54.670Z,2026-09-10T20:55:54.670Z,active,FALSE,new,Source list updated: June 29 2026 | Source PDF marks some employers in red as not hiring (colour not available in text extract).
thunder-bay|mary-brown-s-chicken-81ncumberlandstreetthund,thunder-bay,Mary Brown’s Chicken,"81 N Cumberland Street, Thunder Bay",,unknown,https://gotothunderbay.ca/wp-content/uploads/2026/08/As-of-August-13-2026.pdf,pdf,2026-09-10T20:55:54.670Z,2026-09-10T20:55:54.670Z,active,FALSE,new,Source list updated: June 29 2026 | Source PDF marks some employers in red as not hiring (colour not available in text extract).
thunder-bay|mcdonalds-rest-of-canada-rob-prober-enterprises-rob-prober-enterpises-241mckellarststhunderbay,thunder-bay,McDonalds Rest Of Canada Rob Prober Enterprises- Rob Prober Enterpises,"241 McKellar St. S. Thunder Bay, ON P7E 1H6",,unknown,https://gotothunderbay.ca/wp-content/uploads/2026/08/As-of-August-13-2026.pdf,pdf,2026-09-10T20:55:54.670Z,2026-09-10T20:55:54.670Z,active,FALSE,new,Source list updated: June 29 2026 | Source PDF marks some employers in red as not hiring (colour not available in text extract).
thunder-bay|mckellar-confectionery-970memorialavethunderbay,thunder-bay,McKellar Confectionery,"970 MEMORIAL AVE, THUNDER BAY, ON, P7B4A2",,unknown,https://gotothunderbay.ca/wp-content/uploads/2026/08/As-of-August-13-2026.pdf,pdf,2026-09-10T20:55:54.670Z,2026-09-10T20:55:54.670Z,active,FALSE,new,Source list updated: June 29 2026 | Source PDF marks some employers in red as not hiring (colour not available in text extract).
thunder-bay|mobil-gas-bar-1419oliverroadthunderbay,thunder-bay,Mobil Gas Bar,"1419 Oliver Road, Thunder Bay, ON , P7G1N6",,unknown,https://gotothunderbay.ca/wp-content/uploads/2026/08/As-of-August-13-2026.pdf,pdf,2026-09-10T20:55:54.670Z,2026-09-10T20:55:54.670Z,active,FALSE,new,Source list updated: June 29 2026 | Source PDF marks some employers in red as not hiring (colour not available in text extract).
thunder-bay|mobil-gas-station-oliver-road-801centralavethunderbayo,thunder-bay,"MOBIL GAS STATION , OLIVER ROAD","801 Central Ave, Thunder Bay, ON P7B 6P8",,unknown,https://gotothunderbay.ca/wp-content/uploads/2026/08/As-of-August-13-2026.pdf,pdf,2026-09-10T20:55:54.670Z,2026-09-10T20:55:54.670Z,active,FALSE,new,Source list updated: June 29 2026 | Source PDF marks some employers in red as not hiring (colour not available in text extract).
thunder-bay|outlaws-burgers-fries-160waterloostnunit2thund,thunder-bay,OUTLAWS BURGERS & FRIES,"160 Waterloo St N, Unit 2, Thunder Bay, ON, P7C 6A8.",,unknown,https://gotothunderbay.ca/wp-content/uploads/2026/08/As-of-August-13-2026.pdf,pdf,2026-09-10T20:55:54.670Z,2026-09-10T20:55:54.670Z,active,FALSE,new,Source list updated: June 29 2026 | Source PDF marks some employers in red as not hiring (colour not available in text extract).
thunder-bay|papa-john-s-611arthurstwthunderbayon,thunder-bay,Papa John's,"611 Arthur St W,Thunder bay,ON,P7E5R6",,unknown,https://gotothunderbay.ca/wp-content/uploads/2026/08/As-of-August-13-2026.pdf,pdf,2026-09-10T20:55:54.670Z,2026-09-10T20:55:54.670Z,active,FALSE,new,Source list updated: June 29 2026 | Source PDF marks some employers in red as not hiring (colour not available in text extract).
thunder-bay|pita-land-1100memorialavethunderba,thunder-bay,PITA LAND,"1100 Memorial Ave, Thunder Bay",,unknown,https://gotothunderbay.ca/wp-content/uploads/2026/08/As-of-August-13-2026.pdf,pdf,2026-09-10T20:55:54.670Z,2026-09-10T20:55:54.670Z,active,FALSE,new,Source list updated: June 29 2026 | Source PDF marks some employers in red as not hiring (colour not available in text extract).
thunder-bay|pita-pit-707memorialavesuite5thun,thunder-bay,Pita Pit,"707 Memorial Ave, Suite 5, Thunder Bay, ON",,unknown,https://gotothunderbay.ca/wp-content/uploads/2026/08/As-of-August-13-2026.pdf,pdf,2026-09-10T20:55:54.670Z,2026-09-10T20:55:54.670Z,active,FALSE,new,Source list updated: June 29 2026 | Source PDF marks some employers in red as not hiring (colour not available in text extract).
thunder-bay|pizza-hut-820redriverroadthunderba,thunder-bay,Pizza Hut,"820 Red River Road, Thunder Bay",,unknown,https://gotothunderbay.ca/wp-content/uploads/2026/08/As-of-August-13-2026.pdf,pdf,2026-09-10T20:55:54.670Z,2026-09-10T20:55:54.670Z,active,FALSE,new,Source list updated: June 29 2026 | Source PDF marks some employers in red as not hiring (colour not available in text extract).
thunder-bay|pizza-pizza-425edwardstreetnorththun,thunder-bay,PIZZA PIZZA,"425 Edward Street North, Thunder Bay P7C4P7",,unknown,https://gotothunderbay.ca/wp-content/uploads/2026/08/As-of-August-13-2026.pdf,pdf,2026-09-10T20:55:54.670Z,2026-09-10T20:55:54.670Z,active,FALSE,new,Source list updated: June 29 2026 | Source PDF marks some employers in red as not hiring (colour not available in text extract).
thunder-bay|pizza-pizza-959fortwilliamroadthunde,thunder-bay,Pizza Pizza,"959 Fort William Road, Thunder Bay, Ontario P7B3A6",,unknown,https://gotothunderbay.ca/wp-content/uploads/2026/08/As-of-August-13-2026.pdf,pdf,2026-09-10T20:55:54.670Z,2026-09-10T20:55:54.670Z,active,FALSE,new,Source list updated: June 29 2026 | Source PDF marks some employers in red as not hiring (colour not available in text extract).
thunder-bay|popeyes-louisiana-kitchen-1101arthurstthunderbayon,thunder-bay,Popeyes Louisiana Kitchen,"1101 Arthur St., Thunder Bay, ON, P7E 5S2",,unknown,https://gotothunderbay.ca/wp-content/uploads/2026/08/As-of-August-13-2026.pdf,pdf,2026-09-10T20:55:54.670Z,2026-09-10T20:55:54.670Z,active,FALSE,new,Source list updated: June 29 2026 | Source PDF marks some employers in red as not hiring (colour not available in text extract).
thunder-bay|redberry-caliente-restaurants-lp-taco-bell-1101aruthurst,thunder-bay,Redberry Caliente Restaurants LP- Taco Bell,1101 Aruthur St,,unknown,https://gotothunderbay.ca/wp-content/uploads/2026/08/As-of-August-13-2026.pdf,pdf,2026-09-10T20:55:54.670Z,2026-09-10T20:55:54.670Z,active,FALSE,new,Source list updated: June 29 2026 | Source PDF marks some employers in red as not hiring (colour not available in text extract).
thunder-bay|bk2374-2840eastarthurstreetthun,thunder-bay,(BK2374),"2840 East Arthur Street, Thunder Bay, (BK29148) 136 East Avenue, Thunder Bay, (BK29500) 911 Fort Williams, Thunder Bay,",,unknown,https://gotothunderbay.ca/wp-content/uploads/2026/08/As-of-August-13-2026.pdf,pdf,2026-09-10T20:55:54.670Z,2026-09-10T20:55:54.670Z,active,FALSE,new,Source list updated: June 29 2026 | Source PDF marks some employers in red as not hiring (colour not available in text extract).
thunder-bay|redberry-crown-restaurants-lp-burger-king-590riverst310memeorialav,thunder-bay,Redberry Crown Restaurants LP- Burger King,"590 River St, 310 Memeorial Ave, 121 East Arthur, 120 Hawker",,unknown,https://gotothunderbay.ca/wp-content/uploads/2026/08/As-of-August-13-2026.pdf,pdf,2026-09-10T20:55:54.670Z,2026-09-10T20:55:54.670Z,active,FALSE,new,Source list updated: June 29 2026 | Source PDF marks some employers in red as not hiring (colour not available in text extract).
thunder-bay|rd-390cumberland508arthurst,thunder-bay,"Rd,","390 Cumberland, 508 Arthur St- Thunder Bay",,unknown,https://gotothunderbay.ca/wp-content/uploads/2026/08/As-of-August-13-2026.pdf,pdf,2026-09-10T20:55:54.670Z,2026-09-10T20:55:54.670Z,active,FALSE,new,Source list updated: June 29 2026 | Source PDF marks some employers in red as not hiring (colour not available in text extract).
thunder-bay|rjm-restaurants-tim-hortons-439memorialavethunderbay,thunder-bay,RJM Restaurants- Tim Hortons,"439 Memorial Ave., Thunder Bay, ON, P7B 3Y6",,unknown,https://gotothunderbay.ca/wp-content/uploads/2026/08/As-of-August-13-2026.pdf,pdf,2026-09-10T20:55:54.670Z,2026-09-10T20:55:54.670Z,active,FALSE,new,Source list updated: June 29 2026 | Source PDF marks some employers in red as not hiring (colour not available in text extract).
thunder-bay|robins-food-unit8525fordstreetnortht,thunder-bay,Robins Food,"unit 8 525 Ford Street north, Thunderbay ON",,unknown,https://gotothunderbay.ca/wp-content/uploads/2026/08/As-of-August-13-2026.pdf,pdf,2026-09-10T20:55:54.670Z,2026-09-10T20:55:54.670Z,active,FALSE,new,Source list updated: June 29 2026 | Source PDF marks some employers in red as not hiring (colour not available in text extract).
thunder-bay|shell-807redriverroad277cumber,thunder-bay,Shell,807 Red River Road & 277 Cumberland N,,unknown,https://gotothunderbay.ca/wp-content/uploads/2026/08/As-of-August-13-2026.pdf,pdf,2026-09-10T20:55:54.670Z,2026-09-10T20:55:54.670Z,active,FALSE,new,Source list updated: June 29 2026 | Source PDF marks some employers in red as not hiring (colour not available in text extract).
thunder-bay|shell-1450huttonparkdrive,thunder-bay,Shell,1450 Hutton Park Drive,,unknown,https://gotothunderbay.ca/wp-content/uploads/2026/08/As-of-August-13-2026.pdf,pdf,2026-09-10T20:55:54.670Z,2026-09-10T20:55:54.670Z,active,FALSE,new,Source list updated: June 29 2026 | Source PDF marks some employers in red as not hiring (colour not available in text extract).
thunder-bay|shell-10569003canada-inc-425edwardstn1072oliverrd,thunder-bay,SHELL - 10569003CANADA INC.,"425 Edward St. N., 1072 Oliver Rd, 595 Arthur St. W, 1000 Ft. Waterloo St. N",,unknown,https://gotothunderbay.ca/wp-content/uploads/2026/08/As-of-August-13-2026.pdf,pdf,2026-09-10T20:55:54.670Z,2026-09-10T20:55:54.670Z,active,FALSE,new,Source list updated: June 29 2026 | Source PDF marks some employers in red as not hiring (colour not available in text extract).
thunder-bay|subway-820redriverrdunit1bthund,thunder-bay,Subway,"820 Red River Rd unit 1b, Thunder Bay, ON P7B 1K2; 1000 Fort William Rd, Thunder Bay, ON P7B 6B9",,unknown,https://gotothunderbay.ca/wp-content/uploads/2026/08/As-of-August-13-2026.pdf,pdf,2026-09-10T20:55:54.670Z,2026-09-10T20:55:54.670Z,active,FALSE,new,Source list updated: June 29 2026 | Source PDF marks some employers in red as not hiring (colour not available in text extract).
thunder-bay|tea-bay-sweet-1186memorialavenueunit10,thunder-bay,Tea Bay Sweet-,"1186 Memorial Avenue Unit 105, Thunder Bay ON P7B5K5",,unknown,https://gotothunderbay.ca/wp-content/uploads/2026/08/As-of-August-13-2026.pdf,pdf,2026-09-10T20:55:54.670Z,2026-09-10T20:55:54.670Z,active,FALSE,new,Source list updated: June 29 2026 | Source PDF marks some employers in red as not hiring (colour not available in text extract).
thunder-bay|the-pizza-street-110waterloostn,thunder-bay,The Pizza Street,110 Waterloo St N,,unknown,https://gotothunderbay.ca/wp-content/uploads/2026/08/As-of-August-13-2026.pdf,pdf,2026-09-10T20:55:54.670Z,2026-09-10T20:55:54.670Z,active,FALSE,new,Source list updated: June 29 2026 | Source PDF marks some employers in red as not hiring (colour not available in text extract).
thunder-bay|thundermaple-asian-food-co-unita1500jamesstreetsout,thunder-bay,"THUNDERMAPLE ASIAN FOOD CO,.","Unit A- 1500 James street South, Thunder Bay",,unknown,https://gotothunderbay.ca/wp-content/uploads/2026/08/As-of-August-13-2026.pdf,pdf,2026-09-10T20:55:54.670Z,2026-09-10T20:55:54.670Z,active,FALSE,new,Source list updated: June 29 2026 | Source PDF marks some employers in red as not hiring (colour not available in text extract).
thunder-bay|village-market-875redriverthunderbayont,thunder-bay,VILLAGE MARKET,875 Red River Thunder Bay Ontario. P7B 4A2,,unknown,https://gotothunderbay.ca/wp-content/uploads/2026/08/As-of-August-13-2026.pdf,pdf,2026-09-10T20:55:54.670Z,2026-09-10T20:55:54.670Z,active,FALSE,new,Source list updated: June 29 2026 | Source PDF marks some employers in red as not hiring (colour not available in text extract).
thunder-bay|wendy-s-875redriverthunderbayont,thunder-bay,Wendy's,875 Red River Thunder Bay Ontario. P7B 4A2,,unknown,https://gotothunderbay.ca/wp-content/uploads/2026/08/As-of-August-13-2026.pdf,pdf,2026-09-10T20:55:54.670Z,2026-09-10T20:55:54.670Z,active,FALSE,new,Source list updated: June 29 2026 | Source PDF marks some employers in red as not hiring (colour not available in text extract).
